first_name,last_name,email,gender,country_of_birth,car_id,id
Jae,Roebottom,jroebottom0@cnn.com,Male,Poland,00baaf6d-f4d6-4a53-94ff-de836d511cb8,46d68660-2cac-4cef-9349-3592e2c2ed5b
Bill,Ridoutt,jridoutt2@mit.edu,Female,Japan,0109f32f-2fdf-4114-a4d7-0db5ed350393,e7b81494-b725-4294-9279-c01fa7bf97d9
Damien,Muldowney,dmuldowney3@craigslist.org,Male,China,011a439e-4878-4e52-b864-34d326400c73,7464a2a7-de05-4af0-a5e0-4ef3c52df63a
Saundra,Houchin,shouchin4@bizjournals.com,Male,Brazil,0122f5e9-0803-4f0a-9307-5f690e9ada8b,efe05f93-c511-463e-99bf-91b0379bdf6d
Burke,Leese,bleese5@cloudflare.com,Agender,Brazil,016f9cdf-9ae8-4efa-9429-c025268e3269,84f29ffb-9329-45f4-b0a3-e320f1610a9f
Amity,Northern,anorthern6@lycos.com,Female,China,0187ac6b-c5db-44cf-9497-d77560bf75ef,4948e612-730d-46be-9da4-ab31455e55c9
Ludovika,Rizzetti,lrizzetti8@g.co,Female,Indonesia,01c60f00-22e9-45e3-a6e3-6772d11ec585,d03df625-d631-4729-b7fd-868375e228b7
Jephtah,Georgiev,jgeorgiev1@exblog.jp,Male,Ukraine,02313704-a872-49c1-a43f-e70219d52010,4edacacf-5873-4de8-8cc5-33873df74212
Laurella,Dawson,ldawsona@umich.edu,Female,Pakistan,023f4634-d9ab-4f16-aa49-affa346104b9,236576a7-91b9-423e-8551-d005334008b7
Vernice,Lown,vlownb@goo.ne.jp,Female,Sweden,024bc7cb-2884-4ea1-9ec8-77e08d19f00a,3babe836-03fa-4d98-afa4-feeb63fb9fbd
Roger,Ravenhill,rravenhille@tinypic.com,Male,Japan,028015a8-e5ff-4bb8-a94f-f59386f13e89,3e141f0c-be4d-4387-ada8-810ff74777f6
Irita,Carcas,icarcasf@sourceforge.net,Female,Sweden,02d3bda0-94e7-493e-bd2c-2ef105ad9fac,5d778162-45cf-4761-946d-7c422cb1e917
Madalyn,Mathison,mmathisong@hatena.ne.jp,Female,China,02dfd60b-751b-476e-8220-570079024e00,28938dc3-e96f-49b0-bc4f-4faedb2db75b
Verile,Blaine,vblaineh@tamu.edu,Female,Indonesia,03088cdc-35d9-4618-ab9a-8f5b7710957a,2bc5f597-665a-4832-972a-41e16ee08852
Nedi,Toolin,ntoolini@google.nl,Female,Philippines,031b7f44-166e-42e3-bd17-c56eb5acd8d2,ed5308b2-ff9b-4b02-b6b8-efe9c7830894
Hugh,Petren,hpetrenj@japanpost.jp,Male,Germany,0384e77e-04f3-4282-af01-3ce28107a858,9dce6a3b-c0c7-47d7-a420-7fdd68376909
Emlyn,Terrett,eterrettl@jimdo.com,Male,Portugal,0389bdc0-e747-4f04-ba55-cb35de000396,4c9b7342-77b2-48f7-8a8d-4e39a3167632
Lonni,Parken,lparkenm@networkadvertising.org,Female,Canada,038e0d1a-6301-441d-8641-bf766218edc0,8ff6fe64-9dcd-4541-8dd5-44a41785b925
Melli,de Quesne,mdequesnen@businesswire.com,Female,Portugal,03ad9c6e-85db-40a8-8e3d-67eebcb30768,4098ffd6-08e0-4704-b044-07a8b0da8318
Woody,Baldwin,wbaldwino@seesaa.net,Male,Bhutan,03b54ccb-00fc-47da-a884-d9b3300d601f,cf926d35-6597-438d-8d94-b1085d3643b9
Kath,Crathorne,kcrathornep@ibm.com,Agender,Peru,0436203e-751d-43d7-8bd3-69ff95b2637e,51918918-02d4-4528-9884-d6d8a9b042ea
Dolph,Stuart,dstuartr@rambler.ru,Male,China,04c8f8b6-fe2f-4de3-88df-b9ee55b14081,01b2d657-42a0-4576-9745-a71a21487da5
Charlie,Hinstock,chinstocks@howstuffworks.com,Male,Ukraine,051512a8-de8b-4185-86f5-e232d1d82b09,36627f09-dae2-4f70-96cb-a1b26a0243a8
Scott,Lince,slincet@so-net.ne.jp,Male,France,0564599f-11de-4c07-975f-cc05d679c84b,cf33c292-a73e-4bed-b1e7-a49fde195011
Ivy,Bente,ibentew@wix.com,Female,Micronesia,058e2418-702a-45b5-b125-cc3808b32f2a,5c12d0f0-944d-48e3-80c2-0bfb924fbdd6
Torie,Messier,tmessierx@tiny.cc,Female,Brazil,0596320f-5ba3-42d3-85cd-93d813ba23e8,74c828ed-7350-4bef-bfb6-a926973a44bc
Birch,Baake,bbaakez@over-blog.com,Non-binary,Philippines,05a04abb-09f2-4b16-a61c-7893ca477953,30e038bf-11aa-4e19-b0da-bd0ddde96fcd
Kalila,Gall,kgall11@google.es,Female,Poland,05e1965b-8169-4ecd-8a15-6427a0161ee8,cece29e1-8e37-426a-bf79-bd1deb4b1a14
Carmela,Adanet,cadanet14@dion.ne.jp,Female,China,0620d274-5062-440f-acfc-e4c1c84fdfd9,7bf6f578-179e-4bd0-bf55-a7db30bfbf5b
Hale,Shenton,hshenton15@alibaba.com,Male,Papua New Guinea,0654b3e0-1dc1-48e2-92be-a02345a72fa3,e006ea5b-ab1a-4f34-b06e-2cd49c8e51d6
Forest,Stonehouse,fstonehouse16@businessinsider.com,Male,Mexico,066e1fd3-334f-4327-b48d-c4933d362a1b,9d191660-7a3c-4030-a73b-bebebadef022
Krissie,Dugall,kdugall17@mit.edu,Female,Albania,06db695c-07ff-4574-9a4d-2c3a43acc68d,d7333c97-4c12-48e1-af86-9d165387a194
Fallon,Sinclar,fsinclar18@cdc.gov,Female,Russia,071a7a4a-0a77-4ba6-ad57-8ed67a27d2ef,8a8348d5-bed8-42dd-bc8a-b0183477e73e
Marta,Prugel,mprugel1b@soup.io,Female,Brazil,077394a7-a1f2-46a9-8324-22cec9614208,dce2fee4-b8d3-44da-9c06-c1b38468c169
Nestor,Baignard,nbaignard1d@goo.ne.jp,Male,Mongolia,07a0154c-b059-4c2c-a0cd-c1de7c81a49d,6883d00b-ac89-43b3-bd58-e27870a88272
Karl,Antonazzi,kantonazzi1e@kickstarter.com,Male,Indonesia,07c476e1-f544-4492-88ac-be6b6cb75406,abd59345-07fb-466f-81d3-00d77a2459d2
Mozelle,Wallis,mwallis1f@sitemeter.com,Female,Indonesia,08338b5e-d5de-4ce2-bf8b-1c8e10013774,835d3240-fcfd-41e7-b3bc-ec188d85c9e9
Evie,Horrod,ehorrod1g@cargocollective.com,Female,Italy,0840f0e8-bde9-4a81-b561-468fa1d09f9e,f0fb3598-dbb4-4a8e-ba52-67bc0953f24e
Myles,Merigeau,mmerigeau1h@psu.edu,Male,Philippines,08858494-7de3-4aa3-9a0d-f58e2102adef,0955bfde-ca71-4016-af1e-294e8166e7f8
Dennie,Bendson,dbendson1i@state.gov,Male,Benin,089df052-0d32-46ea-92f3-fa04f0c697c7,c0f63e64-221f-49ff-b61f-7ebf94632370
Skipper,Buglar,sbuglar1k@smugmug.com,Male,New Zealand,0962e9f0-458b-48b5-be97-ebaf53ab476f,ca0d7eb5-63cc-4e5b-b562-680960d84d81
Edik,Koppen,ekoppen1o@nih.gov,Male,Bulgaria,09bae2ff-da83-43f6-b50e-24b9549e147b,788a4a66-4d2a-41d0-8011-946f46c46e16
Evelina,Ellison,eellison1p@360.cn,Bigender,Germany,0a208582-9555-4fb6-8712-2d7260d2696e,5740156d-5b63-40b9-8fb6-c1b78380b78c
Marlo,Antonias,mantonias1r@google.nl,Male,Indonesia,0a56f1e1-487f-4ba4-a7e8-d48f1f8b916c,1c086f60-947a-4b4e-9eea-e6c5db68ddc5
Ellis,Larenson,elarenson1s@odnoklassniki.ru,Male,Brazil,0a89793c-d73b-4b2f-a713-dfef39927d46,3a12c06f-f05e-4b79-bb53-efb8a4f4c2ea
Alfred,Ibbison,aibbison1u@sfgate.com,Agender,Philippines,0a8d9c31-3413-4411-b994-c911d63f47bc,7065ea1c-86e9-4331-a8bf-ed54f82b7e66
Paco,O'Hartigan,pohartigan1v@github.io,Male,Ukraine,0ae01345-c52d-4c03-ba43-6fa5930284e5,b79b2ed6-55c4-4199-a064-ea39f3232745
Sutherlan,Dillimore,sdillimore1w@jimdo.com,Male,Peru,0b1961cb-b01f-491c-98b9-932bf7b0b67d,ce072957-9e0c-432d-9882-15cf4810c13d
Brook,McPhilip,bmcphilip1x@xrea.com,Female,China,0b450d20-34c8-43db-8d1e-3aef7d344603,6642cdab-5c10-4eee-a0c8-fddf0e066597
Saraann,Elderton,selderton1z@yale.edu,Female,Poland,0b677b94-9ad7-44e3-b1ea-369cae24617d,b087b060-8fed-432f-bf0c-f66e5561e07a
Charity,Johannesson,cjohannesson20@jigsy.com,Female,China,0b7b878d-1178-4161-a597-5393247142b1,cc04bd62-9c39-4dd0-967f-2efba48ae2a5
Nicolle,Barczewski,nbarczewski21@facebook.com,Female,Indonesia,0d378ac8-3c74-4d25-a0d4-1526a5102392,ddb3dc93-24fd-4bab-ab3f-8c8a01f3d1ac
Zebulen,Pawlata,zpawlata23@nytimes.com,Male,China,0d883567-e8d1-46e6-9578-1a01730eb9f6,56a5393b-d4b5-431e-ba8d-b4267bb506d3
Wylie,Haimes,whaimes24@flavors.me,Male,China,0e05cb2c-601f-4aac-be99-6248cfc5cf36,16f51173-34b6-41de-a64c-986fceef4093
Viva,Gulberg,vgulberg25@ucoz.com,Female,Indonesia,0e6dffd9-2d46-4ddc-808e-62cfc903d172,b9c86f9b-55ae-47bd-b3cf-a80a3aa48d57
Krissie,Hammersley,khammersley26@csmonitor.com,Female,Indonesia,0ea1eab2-0cd9-4a53-8374-907149bd6ed8,5221e7d4-d735-4848-9f3a-d028ac4e7704
Dillie,Nuzzti,dnuzzti27@canalblog.com,Male,Argentina,0ee82ff5-d32d-45f0-96de-036d1345bf22,c0a3240e-30a1-4fd5-b0d3-cff29926430e
Ardine,De Cleyne,adecleyne28@yelp.com,Female,China,0f2714f8-1562-4aa7-9f66-5a424429a579,16954978-56ae-4433-aea1-c29cf00efc05
Letizia,Butchers,lbutchers29@people.com.cn,Female,Bulgaria,0f4e40c3-9ba6-4d89-a5a3-722e6ce46204,6b4ffef0-2c5d-4728-84d3-c395fd52e192
Mitchell,Westby,mwestby2a@i2i.jp,Male,Canada,0f78be55-dd9d-44c6-a264-69b8e396a636,9f3b9458-1bc5-4d69-b5de-030889f1bbcb
Marten,Birdsey,mbirdsey2b@mayoclinic.com,Male,China,0faf9089-eadc-45e0-a9cf-cd96a4c316fa,ef701b94-06e9-437f-8e9a-7b1c511a5c31
Geoff,McElory,gmcelory2c@cdc.gov,Male,Peru,0fd23b0c-55aa-49f2-b354-cbf13fcee6a0,ee1f4ec1-a46c-4440-a4e4-a4dddddbae79
Kerrill,Yanshinov,kyanshinov2g@gnu.org,Female,Serbia,0fed58ec-2011-45fe-ba02-92539413b1ad,62fda775-d520-426a-8fa3-7de8c0f9e539
Derrick,Paolillo,dpaolillo2h@sogou.com,Male,Russia,102e3344-724e-4bbb-940c-caa8e4ee5e96,ed1eee3b-df92-414e-9e3e-5e20c2027b1e
Keri,Ferminger,kferminger2i@ibm.com,Genderfluid,Panama,105212fb-c342-4f31-8d1c-bb0dce6e9e05,80dd8db7-8beb-4689-8a16-ff64afec6cf7
Garnette,Beetham,gbeetham2k@state.tx.us,Female,China,10624384-136b-4fe3-999c-426cddd5e2cc,83ea30fc-fcc3-4b15-9ef2-d050e8f87842
Elnar,Bleazard,ebleazard2n@cisco.com,Male,Philippines,10a805d8-cf73-4d90-aa7f-b2cef53d1d3c,38508ee0-1023-4edc-8700-382079a338ff
Bridie,Yellowley,byellowley2o@elpais.com,Female,China,10aded8f-c69a-42fd-9fe5-9afb10d55899,17877d5a-4538-4ec2-97eb-bfb418320b91
Dominik,Habble,dhabble2s@w3.org,Male,Brazil,10d2f663-bd25-4a95-80bb-c03afd932f47,8a1d5c86-afc7-4daa-b43a-efcaef62af1b
Niki,Schurig,nschurig2t@abc.net.au,Female,France,1198be20-fdd1-42a1-8290-2394895026a8,a7d69df8-80a0-44ff-a160-589e320cbff6
Rafaello,Conisbee,rconisbee2u@apple.com,Male,Russia,1210131d-ad0c-4422-8657-7152509b7876,8a722400-d8bb-4ec0-ad21-e0598cc11e9a
Neila,Tofful,ntofful2v@delicious.com,Female,China,1222e3da-f98b-40c6-bc20-d0bea16b7143,57511dc8-ff27-4394-a4fb-20d6d4494345
Tasia,Downie,tdownie2w@cbslocal.com,Female,China,12357779-894d-4457-8a2a-f1d9e91c56a0,d521a605-aa97-4619-a155-c33b47dd19fe
Hans,Starbucke,hstarbucke2x@house.gov,Male,Indonesia,1268f56a-d4b5-45c3-b1e7-c9e5ebd21205,732ebca1-46a6-46a4-860f-db2e39b42766
Lyndy,Shotboulte,lshotboulte2y@webeden.co.uk,Female,Nigeria,12887a13-ac82-4708-a3ac-b0d37838337c,71205491-2828-4de5-ba9e-bfec36217d58
Claudell,Bonder,cbonder31@yellowbook.com,Male,Russia,135c29e3-3d71-478b-966c-bbe8093bc691,282db4bc-801e-496b-9a3e-864570005ca5
Patric,Normansell,pnormansell33@netscape.com,Male,Georgia,13d25aaf-baa3-40a0-b2d7-02478d7c3a18,56cb39ef-fa1f-4a48-8a08-53c35d62772c
Bartram,Sieghart,bsieghart34@eventbrite.com,Non-binary,Indonesia,13db6c49-00e3-492d-81f2-a052bafb227a,915def14-00d5-42a9-bd60-3128d45578ce
Fredericka,Harberer,fharberer36@storify.com,Female,Comoros,13ebc612-4b64-4d72-a4dc-3e421951cc1a,2d03d962-218b-4e71-9ee0-0fa6e0f260cc
Winnifred,Stellin,wstellin37@yahoo.com,Female,Argentina,13f4e42b-22fc-4ab4-abfd-937093219818,8da946cb-fc96-4e48-9c96-37eac5d402d6
Ruggiero,Fisbey,rfisbey38@oakley.com,Male,Russia,145a91ad-2310-410f-9f35-ff4b39bed116,0a6380f5-73d1-4393-b1c6-8c6164a9c260
Ermina,Wermerling,ewermerling39@discuz.net,Bigender,Japan,14791f93-a11d-4567-bd4b-1ae41b7e2fb9,cd225934-def3-425e-8d3e-352b934ae89e
Cam,Gribbin,cgribbin3a@phpbb.com,Female,Myanmar,149f3543-dd8a-4363-95ef-2b27ba600ec0,1cb1e45d-8367-4f94-bce1-99080510d570
Michelle,Inglesant,minglesant3b@ask.com,Female,France,14ac4409-7ee1-42e7-8f8b-6a874fb45b82,700bafdf-22fe-4972-ae0d-4d2e8e0378d6
Kevan,Bullin,kbullin3c@theatlantic.com,Male,China,14f25d4b-cfb5-4cdf-a0bc-ef5ac2f25708,e7637f8a-1629-4091-acdd-8e6cbc2129ff
Averill,Amery,aamery3d@msn.com,Male,China,152f7bcf-7787-4dda-8ed5-da527a94c7b4,31bbb7ae-462a-4f30-8e56-717b530130e2
Gina,Razzell,grazzell3e@squarespace.com,Female,Colombia,153d54d8-2e30-4055-9a01-a3f3fbb140be,077ce638-7c6b-40e0-898f-1298418e72b3
Gussy,Carnow,gcarnow3f@smh.com.au,Female,Turkmenistan,1561c102-c043-4c92-9a7e-1711a5262469,1e5d1ca8-ecd0-4b39-afd6-bb2dc8370dcd
Letti,Cordet,lcordet3g@ca.gov,Female,China,15c38ee2-bb3e-446c-a1b7-f58dafacaf5c,fb3117da-e3f1-46db-adbb-29e03f8f9732
Aharon,Glackin,aglackin3h@google.nl,Male,Croatia,15cf2338-a719-467b-93b8-4ff2cf9b7229,7cdf5760-d29a-422b-8260-69576685e804
Arlee,Inold,ainold3j@lulu.com,Female,Peru,15e1cacd-4b63-4dc2-b1cd-7af03b6ed903,194cb665-d10b-4880-9b45-c480e390a526
Kincaid,Hebson,khebson3k@jigsy.com,Male,Palau,16063159-c720-4315-827b-ff7db108908a,6d260141-51c5-4fb9-bdb7-faa73960222e
Allys,Fasson,afasson3l@privacy.gov.au,Female,Canada,1614ffab-91c6-495d-836f-ad9f21376019,25359be7-fec5-47e2-9f70-c9da9a91959b
Harri,Elders,helders3m@cam.ac.uk,Polygender,China,169e5acd-88ce-4c1a-a171-2a20a8a47e8d,4a7b84dd-3c2e-4c42-af22-0cf86b25f805
Timmie,Loody,tloody3n@goo.ne.jp,Male,Russia,16b8bb34-bad1-40c5-9312-f1ab8630943e,01c9fcd9-9cc2-444b-9559-a9c11c9a958f
Brandy,Koppel,bkoppel3o@sourceforge.net,Female,China,16eca281-0b01-42e3-9c66-ae70ea26a637,eff05c1f-4e89-4402-ab99-7b8e52f5f28b
Ermin,Rozzier,erozzier3r@ameblo.jp,Male,Poland,17228aa7-2e2a-42f8-849b-0767defcecde,5f25bddf-738f-401b-9405-8a26d28fe067
Blinnie,Richen,brichen3s@usatoday.com,Female,Greece,1753f8ad-e413-477d-8fa9-a9516b6638e2,35e26f72-d8a3-4635-aeb9-b3d8135e7ef8
Gerald,Ottey,gottey3t@artisteer.com,Male,Palestinian Territory,178179bc-c190-4be8-bf30-fc373f77179e,3ebd7e09-ac92-446e-bd53-c4a3f587d735
Timmy,Hallifax,thallifax3u@intel.com,Male,Nicaragua,17a48a35-7393-46b0-a8cc-cd197c631350,6c976969-cb68-4e8c-aa6f-710a934c1bb7
Dedie,Rigby,drigby3w@spiegel.de,Female,Argentina,17f78547-0f2e-4b03-a764-2e4b7dbe05d7,0e2b823c-cc98-479a-aec8-a03146effb67
Ofella,Frigout,ofrigout3z@prnewswire.com,Female,Philippines,18383a00-e99b-4c22-9343-ac02d5581986,4167f071-e6df-4b14-b34e-5217c73f3f55
Allister,Monroe,amonroe40@sohu.com,Male,Syria,183c3711-054a-4cef-b95d-d639780bd93a,c97f1118-b615-481e-b961-1065acb76b66
Cara,Gommes,cgommes41@liveinternet.ru,Female,Czech Republic,18c2d3cd-e93c-4a59-ab0a-690895e370ca,335c9cdf-e519-47dc-a069-b87a98d6480f
Logan,Hessle,lhessle42@cpanel.net,Male,China,19569a51-0d66-45f8-86ed-c5bee5abd699,ab73cd4a-035c-4290-b06b-72c76e6bc202
Ford,Keep,fkeep43@360.cn,Male,China,19695b93-4903-4cf1-906d-2390ff3ccdc4,6f2906d0-455d-4b65-9ace-e410825f71e2
Amara,Estcourt,aestcourt44@upenn.edu,Genderqueer,Indonesia,19e6c2a4-605b-4f9b-831f-e3a0d23f9295,0b18b268-cf09-4087-9bff-d0add1abf6dd
Brion,Beloe,bbeloe46@mysql.com,Male,Sweden,19fe1ca9-582c-4b82-bfcd-988344a61027,c354fb5f-1f19-4bc8-9254-15426ad35c1e
Wilhelm,Bissatt,wbissatt47@github.com,Polygender,Russia,1a0924e6-a503-4f9c-88ae-4e82f9a5a813,41a43de2-6716-400d-9584-a5d1fca0f4a8
Evelin,Gianuzzi,egianuzzi48@a8.net,Male,China,1a45ffb7-2fe7-48a9-83e1-0367929a1367,629c1b04-4ac0-4a33-94b2-b7084fed1c17
Dall,Spykins,dspykins49@ucla.edu,Male,Dominican Republic,1a4da19b-5f1d-4363-af1a-ffb104218881,520bfb9e-d929-415f-a8b4-3b239e0f23d6
Cob,Georges,cgeorges4c@cocolog-nifty.com,Male,Russia,1a72e94d-4174-42a4-a2cd-ec8d86f4e648,08ae1d05-74f4-45ab-82ca-d5143a6b4328
Margarita,Lightbown,mlightbown4d@apache.org,Female,China,1adf4e81-567a-4046-b1b1-fe5e6542c090,73f9eb23-ea71-40ed-83d4-2203c3f01ebe
Kristine,Rossiter,krossiter4e@gravatar.com,Female,Philippines,1b7e81e3-1527-4135-9ef9-7aeba046c198,24a6a2e0-ed89-4399-8c14-c6ac92eec312
Dottie,Davana,ddavana4f@dell.com,Female,China,1b974d0a-2a52-4a53-97e7-284f5ce49e76,1ef9ef8a-8e57-42d3-89c6-a9f9a6108918
Maryann,Domoni,mdomoni4i@simplemachines.org,Female,Portugal,1ca7e30b-3020-4cc7-b3b9-e5daf087817a,c763c871-e685-4da1-861e-847c915ac99c
Carey,Keighley,ckeighley4j@biglobe.ne.jp,Male,China,1d11b413-da3c-4b36-a27d-b47f98881b18,223617f9-c9b7-4cd5-a657-26292687d5d0
Matthias,Sommerton,msommerton4k@imdb.com,Male,Indonesia,1d3af7cf-b468-4937-bbcc-0326fa993da8,79d889b4-1b61-4cdf-8996-fffff74b52c3
Lewie,Varah,lvarah4l@comsenz.com,Male,Russia,1d8b942e-2cec-464b-883d-1e05986964c3,098f33d6-b3ca-4944-936e-bf051727a331
Esmeralda,Mackieson,emackieson4m@dropbox.com,Female,Netherlands,1df0e03b-5703-434f-b9d9-61dc6bf733ae,f22b8853-4660-4d89-b9a0-4d7f97f7d51b
Katya,Jonuzi,kjonuzi4n@timesonline.co.uk,Female,Japan,1e0e2f80-ff63-4d2f-9bdc-6c57daac16cf,2ce5feec-ed62-4082-868c-3f2e1bb8d671
Ellene,Feechum,efeechum4o@sakura.ne.jp,Female,Botswana,1e1641f0-7b97-4df2-a3b4-1c0e5e61d5b6,d0b84ae5-113b-4298-a170-34fd45382171
Joyous,Speak,jspeak4p@mozilla.org,Female,Portugal,1e4570f0-6528-4632-848d-d265dd45397e,617ef8b1-7556-44e9-b5eb-816fd3e022e8
Berkeley,McKernan,bmckernan4q@woothemes.com,Male,Indonesia,1f2b9715-2136-443f-a88b-fb4b21c46fc0,b6e09ef5-5d9c-4a07-8a53-2d1407c9f2ba
Broddie,Di Batista,bdibatista4s@miibeian.gov.cn,Male,China,1fbb636a-2207-48d7-8bb4-d1102018eed4,f6171aac-69a2-45dc-813a-d734fafb7498
Alyson,MacClinton,amacclinton4t@phpbb.com,Female,China,201f2997-58f6-4aa2-91f3-7e9ccc701565,d4613466-3b8b-4a0d-a5d1-361cf6120531
Mada,Husset,mhusset4u@msu.edu,Female,China,2058ae1a-b410-49b1-b5e9-0e74dea6d4fc,a4c64166-4cec-4597-87e2-4ed31f6aa4f8
Luke,Kiledal,lkiledal4v@tumblr.com,Genderqueer,Greece,207a5241-26a3-4b19-8f93-98392c1f2646,934c1df6-bc60-4a97-925e-73a9ee6e174d
Orin,Brandino,obrandino4w@quantcast.com,Male,Brazil,2144f017-e268-48f6-b6e0-04fe8524ebd5,69ac06b6-8a2d-4b72-9fc0-321cb67c3c1c
Luella,Catenot,lcatenot4x@tmall.com,Bigender,Israel,216f56b2-5547-4ab5-8821-ada61b3fcba2,c8fa012c-f3a1-46c1-aa66-92a5f1571f21
Lowrance,Scottesmoor,lscottesmoor4y@ibm.com,Male,Saudi Arabia,21b57d3b-510e-43ce-a7b5-f0c0e2b282f0,083ee4c2-8041-4576-8db3-d0af47d62167
Eveleen,Malyj,emalyj4z@mtv.com,Female,Paraguay,21d01342-8615-46d8-8cb1-ef1eb820e912,f94ec7a9-d94d-4895-8707-d8cbca8e68bb
Saundra,Sinnie,ssinnie50@ebay.co.uk,Male,China,21f787f8-6b4e-4967-be19-185c1e30a72e,50fb72c7-3061-4d37-8555-d7f87d4068aa
Ardis,Helsby,ahelsby51@weebly.com,Female,Saint Vincent and the Grenadines,2219d0f6-e579-4494-9453-dbfeb979a395,43b7f33a-0ebe-4d65-844f-3038e14bf8dd
Glenine,McCloughlin,gmccloughlin53@dot.gov,Female,Tanzania,22305036-a029-40f9-abaa-95670fdc3ca0,4a987f0d-e393-42cb-8179-056863580329
Alli,Goede,agoede54@dagondesign.com,Female,Philippines,2250e9ed-4fcc-425e-af30-8c4741ae71f3,cd3cbe47-75fe-4dee-9721-e6dcb02e6858
Farleigh,Summons,fsummons56@pinterest.com,Male,Canada,226793e9-2837-4758-8efb-89bca5b3584c,f0bda263-585f-4b00-9ff1-b97931486c79
Rodi,Sperling,rsperling58@engadget.com,Female,China,22abdff2-92bf-4f94-b4ee-de9a736c99aa,93c769bc-564e-4f58-b2ec-aecda2ac513b
Clem,Burle,cburle59@google.co.uk,Male,China,22ed1499-951e-4e48-8656-e882f8421e12,c9f60b23-8cb9-41ac-9583-498ac55a7d28
Karole,Ravenshaw,kravenshaw5a@usnews.com,Female,Indonesia,230184df-6e1e-48ab-8516-fe2831b8a237,0a9fa673-cfdb-47f4-9626-c5aeb452340f
Ines,Pilsbury,ipilsbury5c@abc.net.au,Female,Philippines,234924a1-f256-45b8-8801-411643d53a4b,576178b4-6f48-4343-80c5-2b22a3e051fc
Hi,Jaan,hjaan5e@domainmarket.com,Male,Armenia,234ed3fa-68fc-42ef-b966-d8623afa7fb5,2b2c6522-9a9f-4663-9b1c-f3fa9de7918f
Frannie,Bassick,fbassick5f@shutterfly.com,Male,Sweden,23b95bab-9fec-4ad9-9e7a-0e29d85ccea7,a07f2587-b7bd-4a55-b2b6-1b458034c225
Fredi,Seville,fseville5g@gizmodo.com,Genderqueer,Poland,23e925d4-705a-4a60-9b81-3122bc0d01f0,a9e11f96-80d1-486b-8cea-5bf353bf1ac4
Giulia,Stoke,gstoke5h@mail.ru,Female,Indonesia,248ce6aa-b23a-4378-9c35-de88befa9f5c,d22f5dcf-51dc-4735-ac4b-e72def1c71dc
Hyacinthe,Bampford,hbampford5i@mit.edu,Female,Malaysia,24b01b89-fc0e-4a3d-85d7-743ffb8e22ce,8be6bc86-f909-4052-9fe2-5ee4ef87a95c
Mame,Ingry,mingry5j@archive.org,Female,Thailand,24e9655f-a515-4763-b2d9-0978e554febf,d0975cfd-3a81-4bc3-92e0-d649e4a77777
Edmund,Chaddock,echaddock5k@vimeo.com,Non-binary,Indonesia,25788798-b8d2-4dbd-878f-e79251735827,c986d727-04c1-4fbd-a01d-0c2e335d9a8d
Kristy,Upwood,kupwood5l@cdc.gov,Female,China,25c8e0f9-e7fc-44af-b674-5c75af2a8d50,146658d0-ebe4-485f-865b-97f18980ffad
Laura,Thoresby,lthoresby5m@bizjournals.com,Female,Indonesia,25cdacc5-696c-41d1-a521-12b9ee2ed765,86af7b89-3f4b-4f57-a1e3-d1b2dfb24daf
Leeann,Cereceres,lcereceres5n@bbb.org,Female,Costa Rica,25dbf66d-8fa2-4def-bde7-294bf2eb6d10,7257b032-0391-4001-af4b-e86030857f1d
Huberto,Ancketill,hancketill5o@desdev.cn,Male,Czech Republic,260784c7-b429-4526-99da-c262ff5c5661,3e068193-47b5-46ce-936e-c12bcdae03fa
Gib,Petyakov,gpetyakov5p@soundcloud.com,Male,Sweden,264c8f3a-f29e-456b-ae25-7e28c37fb0e6,03764cb3-95d3-4914-a77b-09eaba0774bc
Celine,Henze,chenze5q@multiply.com,Female,United States,2672be52-1315-4142-bb26-e1e52a18468f,9da78389-a21f-485e-904d-7aa2409dc45f
Aveline,Lumley,alumley5r@wordpress.org,Female,Russia,26789731-6ebc-41c6-83a4-074ec696256d,781a862e-8f7a-456f-808d-6557674d92b9
Lucila,Larive,llarive5s@wikipedia.org,Agender,Chile,26ca4c78-1d9a-4570-b173-1f503a5e848a,1da8f49b-0911-4326-b790-231d9af0ba73
Consalve,Putley,cputley5t@soundcloud.com,Male,Yemen,26eaba44-a8bf-4858-ba29-e2474bad2f92,d105a316-1e98-47fa-9528-8b9a5b77a144
Guenevere,Lockhart,glockhart5v@seesaa.net,Agender,Cuba,26fbab96-4f7f-4253-b4e9-d7c55e404c38,fd5cd6b9-0c4f-48e0-9a0c-bd120b210e3d
Jessamyn,Leyman,jleyman5x@domainmarket.com,Female,Botswana,2714a7db-1b5c-4f63-bf9e-d4c1bbdcc8b6,a45f07c2-cacd-4bc7-a584-8cb27c1a092c
Iago,Dibdin,idibdin5y@miibeian.gov.cn,Male,China,272a1a19-86b5-4f1d-b926-a8ecb79e0877,6fbadd24-2ac0-4307-8ca8-64871e3f36a3
Tobi,O' Hanvey,tohanvey5z@thetimes.co.uk,Female,China,272edcc6-4444-4a6c-91e1-7a33349af747,201fd9d9-167b-4545-adde-60ba8a58df6b
Riordan,Neilands,rneilands60@illinois.edu,Male,China,277331dc-e30e-41dd-8ae1-8ba0f4726977,5d387db6-dc5c-4e4d-ad6a-ae19ab7dae2d
Malcolm,Rubke,mrubke62@miitbeian.gov.cn,Male,Brazil,278bce36-dcdd-43f9-934a-d8f9d3f8cda9,0824ba99-8725-41a6-ad12-07b60be80fb1
Judon,Delgardillo,jdelgardillo63@gnu.org,Male,Albania,28230439-92dc-4b38-aeff-e779514c8dbc,53ff0814-838a-40f2-9ddb-a1b03451b756
Robby,Brute,rbrute64@redcross.org,Female,China,282dd18c-f917-4a65-ad8b-1347b98dbbac,7f343eea-13ff-47db-81ad-f571800072be
Silvester,Kembrey,skembrey66@sakura.ne.jp,Male,Sweden,28912897-1b3e-437b-925a-51ce91174426,87b5bec8-2d33-4e8d-a1bb-0e4e1b6c39e2
Sayre,Quickenden,squickenden67@wp.com,Female,Thailand,28a57f3c-efdc-4e6d-8324-3994e70fc29c,04734999-cd30-41b4-aac6-7e274066888b
Murdock,Kinforth,mkinforth68@msu.edu,Male,Poland,28ab0ea6-cbf9-4d22-b518-57664cb50d62,e1ade02c-fe3b-4600-82be-df13a22760dd
Cordey,Paylor,cpaylor6a@yahoo.com,Female,Sweden,28ad07dc-36d4-4f0e-8fbe-5133e2a48b19,3639f0fa-db99-46f5-9d3f-26f26dbfc610
Brunhilde,Chrichton,bchrichton6d@goo.gl,Genderfluid,China,28e09162-4d5f-4a9b-b5a3-c03b52a9a61d,f07c4df5-b7b7-4b62-b396-ed16521e7640
Kathy,Romaynes,kromaynes6e@friendfeed.com,Female,Republic of the Congo,28ef769e-6856-4da4-afa4-b3523914c144,98759907-2321-46d7-af79-0a95de68dd50
Consalve,Dicte,cdicte6g@webeden.co.uk,Male,Indonesia,28f4c491-9cf4-4cf2-8516-9d24bd939c80,b679073d-8ab7-4a45-8ff3-c89144eb81ef
Gabi,Dielhenn,gdielhenn6h@washingtonpost.com,Female,China,294719e1-13c0-4cdb-a3b7-0f46d8b49258,338cf505-277d-45db-80d7-78395ceb1eb1
Dix,Stranger,dstranger6i@deliciousdays.com,Female,France,29762f2d-01b6-4474-9aef-588e2f366c90,c796df07-80b8-474a-9ecd-cb716cd4c2c6
Ferdinand,Scatcher,fscatcher6j@amazon.co.jp,Male,Portugal,29928dd1-b647-4367-ae42-e79d8af4b678,913281fd-5dcd-43d6-bcf0-094bfb397388
Warren,Blucher,wblucher6k@slideshare.net,Non-binary,Philippines,29cdf106-0424-4a7f-bf70-2d1231e94335,200cda44-5b05-4688-bb46-9086bf0e60c5
Prudy,Chapelhow,pchapelhow6l@ted.com,Female,Bolivia,29ed3490-6c36-41c7-99b6-4976c2d253bd,005e7905-cde5-40e3-a47d-5040bd336da5
Tris,Scotchmore,tscotchmore6m@chronoengine.com,Male,Poland,29fb3d0f-4fbb-4029-a87a-de40b74c46fe,715374e0-4739-4043-a4a7-17344e854359
Dominique,Darington,ddarington6o@cyberchimps.com,Male,Indonesia,2a02169e-104c-43eb-8e58-74d9cd474834,dd9e397d-b4ea-4fde-8361-70e943a962c2
Meir,Merrien,mmerrien6p@toplist.cz,Non-binary,Japan,2a050ac0-13d2-48e3-b468-9dbb40e9c87d,cdb96d68-7899-42cc-bb9c-ea526d13b65d
Henka,Bocking,hbocking6q@tripod.com,Female,France,2a245b89-423d-4bfb-9888-894c346431a7,bb8cc134-f395-4702-8c5f-ece4be3004d3
Hanna,Heeks,hheeks6r@ucsd.edu,Non-binary,Poland,2a47e0c4-e36e-4fd7-be45-c8627c745a37,382e522b-2ee5-48bf-97e7-f910d86ccfe3
Leigh,Hartford,lhartford6u@hibu.com,Genderqueer,Russia,2a6a14b7-f600-4881-a6cc-15a563949a6d,627fb9b8-a7c7-413a-a090-deb20ca69ba1
Pembroke,Lipscombe,plipscombe6v@army.mil,Male,Bosnia and Herzegovina,2a6b59c8-1f56-40aa-b818-1ef26c3c7ce5,0f5ab39e-c206-4b77-96a9-3358de799b6b
Antonius,Shrigley,ashrigley6w@cbslocal.com,Male,Portugal,2ab2e8ac-7480-4243-9afe-6045a8047c67,f8fccd1b-9186-4aa7-8800-64d004305b7e
Tatiania,Hatherley,thatherley6x@angelfire.com,Female,Indonesia,2acd8a1d-8904-4120-b4e8-6f935dae2b69,97a59268-c92e-44ae-84ef-ea148cc15e04
Elka,Rennox,erennox6y@tmall.com,Polygender,China,2b52a96f-d0e4-47f3-ae34-6940398e0976,bda9fccf-fb50-4a58-a097-a2896e9f0fe5
Chris,Amis,camis70@google.ca,Polygender,China,2ba89d32-2155-4fc0-ab61-0195a536be7a,0491e463-e182-4db5-aa1e-eb79774e39c3
Arabella,Matysik,amatysik71@boston.com,Female,China,2bbce9a1-6f2c-4e9b-9730-04f564932771,6a015b71-e1ef-4211-b378-459df53484db
Marlee,Kassman,mkassman72@cbc.ca,Agender,Poland,2bc20b80-4988-499d-9771-4b14f62dc394,12f7f311-534e-470c-b9fc-0873256cc0cf
Jaquelyn,McGillacoell,jmcgillacoell73@nih.gov,Female,Argentina,2c234b6b-357c-4b18-9406-1418d3a88f21,9222b420-68e4-4416-8430-d469ae4569eb
Orelia,Slocum,oslocum74@utexas.edu,Female,Japan,2c80ad3c-da96-49ce-8f57-8fc232c4f184,e74d6bdb-bc45-429e-bf14-4ead403d88d5
Marven,Becom,mbecom76@4shared.com,Male,China,2cc0b72d-6901-4006-91d2-187be3ffb4f0,456977ac-ef2f-4fc6-bd99-dce7dbef0d1d
Kliment,Rosenkrantz,krosenkrantz77@google.co.jp,Genderqueer,Mongolia,2cc53d75-79ec-4f35-97e2-721f2addc15b,e96fb37f-344a-49e7-bdb0-1f3e6882d5c8
Theodoric,Londing,tlonding78@biblegateway.com,Male,Portugal,2d096185-4be8-4a4e-9c1b-d062f15fa717,32f0a625-6cd4-4301-b3ad-14cdc6a3a059
Benjamen,Street,bstreet7a@mayoclinic.com,Male,Indonesia,2d4329a2-0cfb-46e9-bf82-20cbd3fe4c94,7fe7368b-d291-402b-b8d3-ef38f2d01b97
Anett,Jozaitis,ajozaitis7b@boston.com,Female,Latvia,2dd4b509-5acc-40d9-8691-f46681e67d43,67b0ff34-bbe4-448a-bffe-1280d95ce4d8
Estel,Lindemann,elindemann7d@phpbb.com,Female,Indonesia,2decb957-7e89-41b1-933e-1310faa3ce65,b05309b2-8573-4dd0-a643-9abc28a95429
Florida,Yanshinov,fyanshinov7e@tuttocitta.it,Female,Jamaica,2df3733f-153e-40f5-9cba-59fe70272fef,b4e45452-255b-42e2-b329-abaea16e7b7e
Branden,Andrys,bandrys7f@friendfeed.com,Male,Ukraine,2e529254-9c34-4290-b126-00fe5b57bb45,bb440969-cb3d-4ceb-94b7-c8e9dae9fe1b
Adrian,Moughtin,amoughtin7g@ow.ly,Female,Azerbaijan,2ea4799b-57b2-43fb-9012-9bc51d9d9258,1ed65d8f-eb7e-4204-870f-e0034970801a
Dag,Wandrey,dwandrey7h@jugem.jp,Male,Uruguay,2f0579ae-edde-40b6-8043-6dfc5ca15645,2cfd0646-650e-4004-a2ad-17e64b7b0d7a
Alejandra,Crown,acrown7j@state.gov,Female,Brazil,2fc69f49-b09b-428b-9c4c-394111d3d7e0,1ad88747-fffe-43f6-a119-6983efbae247
Giraldo,Gosford,ggosford7n@discuz.net,Male,Serbia,301792e9-965e-4790-8676-0e6924b822a2,bf8d3233-80e7-4c08-b54d-c6f64bae7daa
Bertram,Gierok,bgierok7o@example.com,Male,Mexico,301f5687-7f3f-4c0f-97bf-46028f6e34dc,d4b656bd-6cb3-4b7e-8b09-d67546b6b8df
Friedrick,Straw,fstraw7p@printfriendly.com,Male,Russia,30474919-e5c8-469e-8704-6384092b115c,3812fcf7-32e2-4dc8-8cde-924381356947
Lanni,Simms,lsimms7q@apache.org,Female,Thailand,304a9bac-4020-4299-af80-49fc1582b436,a2fd0105-2270-4ca2-b73f-18d076e2eec3
Naoma,Conws,nconws7s@taobao.com,Non-binary,Macedonia,306d4166-e229-4c23-bad2-b7f34cde4c89,05ec9c48-7267-4557-bd74-e8a74bc73a17
Jemie,Treweela,jtreweela7t@ucla.edu,Female,Colombia,30a61d97-f537-4a8b-bd29-e2f2abc46f05,abab8f3a-afd2-4f3c-be23-3cc0f44f955b
Marcello,Yashaev,myashaev7u@blogger.com,Bigender,Zambia,30ad476e-4e9c-4beb-9a7a-3bd64024d7b1,04010a1d-cf44-4f02-9df0-e9bec2d5efc3
Nicolais,Draisey,ndraisey7v@toplist.cz,Male,China,3209c732-74b2-4682-ae0f-6ac9acc4c6a3,fd55ee78-da67-4e67-b56b-2f2cc0b77c27
Roi,Heselwood,rheselwood7w@ask.com,Male,Palestinian Territory,32151516-f8b6-4d6f-9399-489f24ffd4b5,ca1253a9-4dfd-46bc-b601-ba803c50113e
Inglis,Carle,icarle7x@diigo.com,Genderfluid,China,3271b865-4943-4518-b28c-d0364631cedf,840e2d50-d919-4edd-8efe-07acbb671f69
Garv,Bick,gbick7y@xrea.com,Male,Indonesia,331db15c-e751-40d6-9744-9fd3e909fd14,f56f3540-30c0-49e8-ad47-db52f698f6c0
Sylvan,Ogbourne,sogbourne7z@exblog.jp,Male,Philippines,3467fb56-60f7-4bd4-a113-e6c48d670598,d54a990d-29a6-476d-b6e3-64965abd6096
Hubie,McGurk,hmcgurk80@washingtonpost.com,Male,Argentina,349e3064-7a2d-4ecb-be46-222c9e8f17ae,d62a4a75-3211-4698-8912-bbf906e25f66
Dwayne,Rochford,drochford81@tiny.cc,Male,Brazil,34aa4062-1b55-46bc-bde4-bcc773600d8c,69778c38-3720-4122-af11-dc212f1fc41f
Dorian,Marchelli,dmarchelli82@hostgator.com,Genderfluid,Greece,34b800e9-b0c5-401f-9679-deeb6f26ccd4,d71047ab-eea0-423f-9651-36fc0f13a186
Harp,Empringham,hempringham83@eepurl.com,Male,Argentina,34c1cefd-8943-4050-9de5-68499cd87a35,ca3b8fe4-ab98-4e96-9071-136bf44cb555
Daffie,Cassel,dcassel85@4shared.com,Female,Ireland,34dcac9e-8800-4340-a80a-b80a4825753a,7bc21a6d-6699-4442-a47b-a58f34fdc7d0
Isa,Jeromson,ijeromson86@1und1.de,Male,China,34f0cc83-550f-4dda-a1f2-9534d8b3f4ea,3ca81880-ec23-448c-88f0-777dc1353af0
Glennis,Pafford,gpafford87@com.com,Female,China,35354709-b079-4d38-ba73-c1441be6d05e,9f605349-8d06-41fb-8bb6-fde2483d661b
Damien,Rymer,drymer88@wikia.com,Male,Netherlands,35683b5d-8dd2-4df0-a359-87a409f48bd6,f6583500-3780-42bb-a4ab-f88e53b4c8bc
Hillary,Rocco,hrocco89@vimeo.com,Male,Argentina,35b4f078-d8c8-4a35-b22a-da267c71bf68,940c7db5-4596-478d-90cc-36f7e1f7b24c
Giacobo,Cancelier,gcancelier8a@mtv.com,Male,Indonesia,3642af0a-1f3e-4f1b-b97b-39a8859940cc,ed78d329-c1e9-4230-9380-b72d06acae39
Holly,Rive,hrive8b@columbia.edu,Male,China,3670d16e-d1fb-4920-a2b0-24c08e41bd68,d92d439f-1030-420b-a779-a1f609a29287
Isidor,Thistleton,ithistleton8c@goo.gl,Male,China,36cb7cb3-315c-43ac-ace4-b36041ca2464,a7d37dc4-ff13-4332-b8d9-07e2a47d3b9b
Damiano,Worthy,dworthy8d@nba.com,Male,Indonesia,373f9634-d2ed-4280-9ff9-8635daabeb8e,7eb1c300-c8b8-4db8-9f0c-282ed15d15e0
Humfrey,Screech,hscreech8e@weebly.com,Male,China,37649adc-d4a9-4c9b-80ad-778bdc04b48e,5b1276f5-3974-4f2d-b843-55b9517ba687
Michele,Wakeling,mwakeling8f@wix.com,Male,Honduras,37941f29-5f71-462b-976e-7820d1666263,8c974434-5b72-4182-b454-7127eff05c97
Windham,Gornal,wgornal8h@nyu.edu,Male,Estonia,37f3a804-86a5-4df4-9e81-41c6cb68c2a2,e36c52ac-0c69-4d81-9656-900610904c3a
Kylila,Kirdsch,kkirdsch8i@squarespace.com,Female,Armenia,37f3b1bb-a52c-47a2-8c06-77416346a45a,3a413448-f26b-4454-abcc-01e72f005732
Erna,Dayly,edayly8j@bloomberg.com,Female,Philippines,382d7cf4-23ad-4b69-a159-d25036be83c7,52df251e-bb3d-486d-b858-d4e56452b7d5
Cecil,Willas,cwillas8k@go.com,Male,Tunisia,3855e90c-e78f-482d-bf8a-21f50898c1aa,0c48d884-5883-48a3-aea8-1db6f1f6016a
Miner,Kieran,mkieran8l@nps.gov,Male,China,385703ce-7949-4d0a-be17-7d1104d4964d,4d1ef8c7-a22b-458b-b58c-56bcc22b6c3e
Phelia,De La Hay,pdelahay8p@youtu.be,Female,China,38eb73f9-171a-4a81-93c4-0c9096375950,60ce1ce4-1036-4938-98f1-03751cd3be87
Putnem,Stredder,pstredder8r@ucoz.com,Male,Cameroon,393da944-f413-41a1-96a4-0897cede9c8d,f988cccd-eb8b-4d50-93b6-12e44bcb4a45
Cristian,Mundle,cmundle8s@gravatar.com,Male,France,395defaa-6834-402f-a00d-712bfd9a9bbe,82169d13-ddd2-42d7-8cae-2fff0d757d91
Tessa,O'Dulchonta,todulchonta8t@dion.ne.jp,Female,Czech Republic,397229a1-ba2f-4b60-a4a5-200c1ed1a7ad,41fb270f-a5ed-47ff-8433-b49eb31c7ad5
Livvyy,Betteson,lbetteson8w@prweb.com,Female,Indonesia,39b37b37-34dc-45d6-b828-73246f74f5ad,1fc3ad58-524b-45c5-bb47-97e447d4d7c1
Clarke,Vasilchenko,cvasilchenko8x@pen.io,Male,Morocco,39f77ee5-400f-4020-a4b9-ddec44e54f8c,2958f746-96ee-41c3-b47f-18cd4402b905
Reg,Frenzel;,rfrenzel8y@aol.com,Male,Poland,3a48f66e-42fb-437b-86cf-9c80a9de086a,a9511655-0b51-419a-a5ea-c57c66f9e8b5
Paola,Ratie,pratie8z@feedburner.com,Female,Brazil,3a6411d4-4570-4dd2-a460-2daedda10f17,db889790-b010-4de2-ac00-fd05b274e144
Cherida,Vondrach,cvondrach91@goo.gl,Female,Sweden,3a710002-8aa5-48d3-af3d-ccf1afa81a95,c827f99b-4337-4584-8563-087e6e01b651
Dawn,Morden,dmorden92@illinois.edu,Female,China,3a82edcc-603c-43b1-b3ec-8da3fbee8662,720df85b-7ecb-4fc3-a383-d9e23236bcdd
Mikel,Byrnes,mbyrnes93@netvibes.com,Male,Serbia,3b0666fa-179d-4404-b98c-48f68689fe4e,1a5abc80-a57b-41d9-872d-7161d511eea4
Anthony,Joburn,ajoburn96@dell.com,Male,Sweden,3b5877e4-3ea9-434d-a4cd-d8ac524e27ba,9bbd2756-3930-4e3d-b248-675345663ecc
Esra,Nerval,enerval97@163.com,Bigender,Russia,3bd33a4d-9756-46d4-90b7-6bb45b085ff5,19da73e8-0f9b-4818-836d-68d2a395a86c
Perry,Harries,pharries98@symantec.com,Female,Canada,3be728bc-af38-431f-a332-457676ead74e,8ba30a28-fea8-43ac-9767-db761ffe19c4
Lanni,Aslam,laslam99@sohu.com,Female,China,3c1ebe86-0c7c-4707-8ee8-afb70d7ef65f,a71479a9-0d9a-4a2d-8d53-a206ab271d7e
Vivienne,Secker,vsecker9b@sun.com,Female,Poland,3c4d18a2-0121-44e0-b7c6-c2a521e5faaa,85160537-c143-4f77-8922-4f201ca17561
Andy,Pounds,apounds9c@yelp.com,Male,Colombia,3c52f694-6098-4667-b0de-e1a763cb9534,a79dc8fb-2d3d-466c-92a0-c3d7eea1ae6e
Evyn,Gostyke,egostyke9d@is.gd,Non-binary,China,3c9c2355-278d-46e0-afb7-9a32e2f59d0c,c38a984d-645b-4208-beb1-72728f77ac88
Brnaby,Foister,bfoister9e@house.gov,Agender,Indonesia,3cbff180-5c39-4b30-97bd-f041e68bc881,eb125095-8de6-4178-a424-22d668f92c1e
Onfroi,Linnell,olinnell9g@independent.co.uk,Male,China,3cdcde56-1e31-4c76-a20a-f03376ae0d4b,c199aacb-1eb4-4030-9955-5ce0f0f14d24
Alphonse,Pollicote,apollicote9i@furl.net,Male,Canada,3ce489e2-a215-4fa0-b7f6-74060b342e6f,0a788b05-0ff0-4b21-8f64-1bcee2a9b913
Tabbie,Peaker,tpeaker9j@yellowbook.com,Genderqueer,China,3d01a70e-6931-4573-95ff-4cbd1f0192ff,7fb86470-0711-4a09-8ebe-01d343482531
Leigh,Vivian,lvivian9l@unc.edu,Female,China,3d19fba3-adcd-42d3-ad9a-b85d16f064f8,0795a73b-e1f5-4666-8c5d-8576bc7e0341
Hi,Chilton,hchilton9n@weibo.com,Male,Russia,3dc81bfe-7858-4493-ab8a-0825747166b7,6dfdec94-8330-4d72-8c0e-e5a12e65cf82
Elsy,Loch,eloch9o@typepad.com,Bigender,Japan,3e55a413-bd65-42d9-8399-2922132dfaba,6ea28195-4fa0-41b2-bc0a-1b51289e7520
Fionna,Gotmann,fgotmann9p@constantcontact.com,Agender,Brazil,3e68b764-6340-4c3a-bb69-41757407bff4,505a8595-6cb2-4f19-9477-df3fde76e800
Husain,Goad,hgoad9q@washington.edu,Male,United States,3e7840a3-0643-4a44-9361-79240b2b05f1,adbdefc2-7c20-4218-b603-5f7ab0e8f48a
Aarika,Messingham,amessingham9r@house.gov,Female,Poland,3f023862-a063-4f3b-a06f-a0fb5172b5f5,3ba88efb-baa1-4e94-925f-6ca432b7b989
Yul,Boot,yboot9s@nyu.edu,Male,Czech Republic,3f11bf5b-e16c-4492-ac6f-038071558c11,a0dcfe3c-38b1-4651-a73e-15e8aa7be3b5
Roanna,Cancutt,rcancutt9t@simplemachines.org,Female,Philippines,3f57220e-87c7-4649-9a25-fae924fb6663,eb6299d7-5520-498c-a106-290fce9dda2f
Charley,Hawe,chawe9u@theglobeandmail.com,Male,Indonesia,3fe904f0-371c-44e6-9b0d-fbb8091e061f,5ed44645-a59c-4b7a-979e-a3b84ca4b8f5
Tina,Fleote,tfleote9y@blogtalkradio.com,Female,Sri Lanka,4014619e-81c0-426a-ad5d-a668cf4763e8,de864187-5940-4729-8b74-90b5413c0ab4
Holden,Brankley,hbrankley9z@slate.com,Male,Poland,402fce65-9386-43b6-b832-7b68fe17c6b5,839b961a-8ac4-4da2-ab97-8ff7b31ce300
Andres,Vedeshkin,avedeshkina0@census.gov,Polygender,China,403c088c-de44-4bf3-8887-f638364e0cec,a9fbb7de-3480-4e92-b2a6-86b47b7661c8
Leodora,Snead,lsneada1@people.com.cn,Female,Kazakhstan,40cab612-1879-4279-a1bf-528af4aeb8e4,1a49e27e-216c-40c5-8f20-e912f728ff04
Otis,Toke,otokea2@usatoday.com,Male,Thailand,41037828-9920-4e5b-9348-67cd765d3a8c,a92ad82e-a8dc-4293-917b-c0c48c79c986
Mariya,Byforth,mbyfortha5@purevolume.com,Female,China,41ab25d9-9174-41d8-8316-12868a6e5c71,82aa1afb-a4d2-4563-a40f-b1dbf09eb0b2
George,Sorbey,gsorbeya6@yahoo.com,Male,Russia,424317cf-cfe9-4a6b-aaa2-e8f0f022a179,42d8b4b0-527d-4f35-ae5e-ffe8a3813f64
Melisande,Abbay,mabbaya7@bbb.org,Female,China,42b06cc8-d4fe-45dc-b400-4e4d11bf5d3c,79127ded-ba42-4c52-87d1-37aec437890a
Kendra,Covey,kcoveya8@elpais.com,Female,Czech Republic,42bf9e99-b28a-412b-8cc6-cd6b6751aedb,2c45e2d4-ee00-412a-a10b-e9a8264f6890
Cindie,Maleney,cmaleneyaa@example.com,Female,Indonesia,43155c4a-d3ad-4a18-8966-6d0898c13ea9,26971c2a-a43c-4fc7-a956-3605e75797a0
Melisent,Anstey,mansteyad@arizona.edu,Female,Russia,437c7732-829f-481e-92b3-071f9d2370cb,e8893c33-38e4-4e96-92c2-f88b3cb7d14b
Herminia,Jacmar,hjacmarae@usatoday.com,Female,Botswana,43ccad26-c295-48df-99ba-cdcebe797a37,4b7b6f12-0296-422e-b12b-41d54486c2ae
Laughton,Bransdon,lbransdonaf@blog.com,Male,Denmark,443b8fa2-729d-4d96-b3f2-973505e85216,ad283a3c-bd76-4313-b2c4-7a3ab4c19ecc
Huey,Jeger,hjegerag@abc.net.au,Male,Suriname,445655de-2d0b-4164-8da8-1df040201814,0782501a-6ec8-4821-9793-488978476112
Zia,Andino,zandinoah@etsy.com,Female,Russia,445eed43-161d-454d-a115-2545de2e0e82,6d7b4895-1e4d-49d5-a503-50290b8293f4
Armstrong,Liley,alileyai@yale.edu,Male,United Kingdom,44c09787-83dd-4f82-baf0-beaee1391757,d0d5110d-8697-4058-b98a-93e256908721
Wendie,Reboul,wreboulaj@omniture.com,Female,Niger,44f8c547-7e3a-4fba-984d-1f5510e04b21,858138f0-dca7-41fd-9b1f-71dbddcad2b9
Hendrick,Van den Broek,hvandenbroekam@sciencedaily.com,Male,Philippines,45b3cadc-7161-48cb-9dad-39a922b130c4,ab10b258-5b2f-4baa-afa7-cc96dfab11c3
Trista,Postin,tpostinan@who.int,Polygender,China,4665a8f1-3775-4d67-a04d-16a39a7dd348,945bb126-6f75-4f0f-ae8e-0426ffe6bfdf
Marji,Arendsen,marendsenao@flickr.com,Female,Luxembourg,46971837-c2b8-44a0-871e-f32d5fbf2fc0,8eecba4a-e816-4c0e-a95d-e7d7ebec07b0
Conrad,Klossek,cklossekaq@cam.ac.uk,Male,Nigeria,46c55323-3dc4-46b8-ae63-281a31a5b8f5,ee5f8c10-ee34-4361-9ec5-a2c093ce44b8
Ewell,Tailby,etailbyar@state.gov,Male,Portugal,46d90ed0-76d2-4e34-a27f-7c1ebad01ddf,3264d60d-7c0b-4978-ae7f-1f35c7fa3351
Livy,Burnyeat,lburnyeatas@shop-pro.jp,Female,United States,47be92f7-af9b-4aac-b3dd-71f5b1e9c4a9,b33d94de-dfa2-4ace-80f0-4c8c6be007e6
Zoe,Wallbridge,zwallbridgeat@blogtalkradio.com,Female,Philippines,47e8c898-1aae-4529-a661-4f3d915e1036,9938d8a3-09e6-4c8b-b998-9e2c1cf2ad65
Allister,Nicholas,anicholasau@who.int,Male,Brazil,480af292-1415-45cd-8978-73f994e75a45,8a2688c6-f710-46ee-8c29-0c765205a0ee
Sharon,Bunclark,sbunclarkaw@alexa.com,Female,Portugal,484289f6-e4e2-4d4a-a999-d07e8c4fa151,c0107a89-8eb5-4d12-883c-1615628e10a8
Rozalin,Olivari,rolivariax@springer.com,Female,Indonesia,4873b494-01be-452a-89e7-8f27221c7bee,569caa1d-99f2-4e41-9bd2-5a043b02bc1d
Othella,Narrie,onarrieay@indiatimes.com,Female,Indonesia,48a1e8e0-64e4-4bee-9ecc-965fe5ab7979,eef1db24-c288-4246-bf49-04ad2a931991
Zollie,Gantzman,zgantzmanaz@github.io,Male,Serbia,48b4a805-dc3f-4ee5-8085-b2cd9b661273,637277d4-d2d1-44cd-97a1-2fdb968d1344
Corabella,MacMichael,cmacmichaelb0@ebay.com,Female,Greece,48e27998-5295-4946-892d-81c650a3541c,9a5772bd-036d-4298-8ebb-25a15b43a908
Alic,Davidow,adavidowb1@ihg.com,Male,Indonesia,48e9ba53-f10c-418a-a926-3ca641071714,c4ec9d27-c810-41c4-87c1-3ee29362c52b
Billye,Abbyss,babbyssb3@aboutads.info,Genderfluid,Peru,491d8733-7d15-41f8-8bd4-4de76fd47c62,4ce5ea37-b10c-4d43-8c60-a17206d0cb24
Terrance,Pendleton,tpendletonb4@paginegialle.it,Male,Peru,496c60c1-3453-4ba0-802e-41ea41337ede,c420f614-1c03-4d72-9a67-281ef742cf17
Gilberta,Linder,glinderb5@squidoo.com,Female,China,49769d73-5b47-46f5-ab9d-d095b0fb57d0,db334a39-bdf6-46dc-8f11-03ecdf225e62
Terri,Rumney,trumneyb6@newyorker.com,Non-binary,China,498f274d-67d7-4bfa-a5d6-1673068a8470,95de2b6e-e5e2-4a3d-ba34-e1f48b9715e9
Curt,Offa,coffab7@spiegel.de,Male,China,49adbb26-8172-4b4a-8ae4-4731a2a34949,09d058b4-6ccd-4191-aac8-370e36f75438
Gloria,Dunford,gdunfordb8@newsvine.com,Female,Mexico,4a014985-0742-485e-a2a2-4be2d77e0fe9,15d0d703-7ea5-464f-86a5-7d4aca4c0aea
Marcela,Dykins,mdykinsb9@a8.net,Female,North Korea,4abebed6-9b4f-4393-aec8-4ecc05936046,06dbfa27-639b-4c88-8966-cff35cdea896
Anthea,Dislee,adisleeba@geocities.com,Female,Indonesia,4b40683c-b310-4892-900c-75f35e9a8de5,af97bffc-e1cd-4e0f-978a-caee5ef0c962
Alexandra,McRobb,amcrobbbd@nbcnews.com,Female,Greece,4b5a4cf2-788f-48dc-a703-e48d9702d29c,5a53d4ab-2dac-4b2b-8b8d-4599f1cbb78a
Aloise,Dobrowolny,adobrowolnybe@google.com.au,Female,Macedonia,4b6be914-340e-47aa-b354-6313ac47d7e1,bb33652d-9fc4-4cdf-8180-6379698ed806
Celestina,Arndell,carndellbf@meetup.com,Genderfluid,China,4b9dd01a-c150-4370-a58c-49eef774da8d,ee1da29b-adbc-4848-b396-e623dcc5daed
Florette,Bonnesen,fbonnesenbg@skyrock.com,Female,Indonesia,4bf7fd7d-9bbf-4afb-bd6c-e17d7a6b927d,db56e774-8281-445c-87b9-1aedd3095fd2
Olga,Birtchnell,obirtchnellbh@weather.com,Female,China,4c34e5e2-2a51-468a-88b9-fa7c928b0658,b78aac12-76e8-4893-bbcb-4cf5e572679f
Gaspar,Raine,grainebi@elpais.com,Male,Poland,4c3d4ef4-eb73-42da-b686-1f4470e1ae6a,92892e90-a56d-40cc-a558-6044c1381dc1
Cynthea,Ahmad,cahmadbj@dmoz.org,Female,South Sudan,4c9f249f-9cd0-47c4-90c9-582848eeaae7,8b96b6c6-1ac9-48dd-8fa1-58adbd9d561b
Terry,Mayo,tmayobk@scribd.com,Male,Portugal,4d69a4bb-9156-4c49-8caa-f43a68def3bf,7ca8a2a7-13f0-4e5d-ae8c-31572c0503ee
Carlynne,Yanukhin,cyanukhinbl@quantcast.com,Female,Argentina,4e474be1-c2dc-4008-b9d7-45365da8474a,3f3d27f2-f9e3-41e8-b993-48330ccc77b9
Heinrick,Millan,hmillanbm@salon.com,Male,Colombia,4e4cdd8e-1167-4d42-95be-479384f48cdb,74779a20-6578-474c-9bc8-339477bea3dd
Winslow,Girk,wgirkbo@nymag.com,Male,Armenia,4e67cf5f-76ce-4a69-9111-68de6eb38911,692c3144-887a-4ff2-9507-6dfa9bf6ce0e
Sally,Duding,sdudingbp@blogtalkradio.com,Female,China,4ed11f4e-71c3-437a-a41a-227ed5f69c7b,01d6ff37-2cac-444e-ab87-3e464d38e4f8
Sax,Braghini,sbraghinibq@statcounter.com,Male,Albania,4f26c72e-768f-48a1-9f1e-75fe8be8e04b,c42d9186-2eb2-4883-a5a4-934005cd156f
Broddie,Wonfor,bwonforbr@vimeo.com,Male,Jordan,4f8755bc-26ad-4a8d-ae03-d7344103ec4c,cb5c85d8-8a90-48aa-91e2-2bfe69296901
Kellia,Donaher,kdonaherbs@mail.ru,Female,Thailand,4fbfd61b-2c6b-4632-9ece-654ea77f0490,cda23b5e-3acf-455a-905a-b655fa828f11
Bernadina,Silverstone,bsilverstonebu@about.me,Female,Indonesia,4fe71944-7c7d-4edb-817f-fe3b28617b06,070d5bc8-10d4-4eab-8cbf-b624b849b32d
Nettie,Benneton,nbennetonbx@newsvine.com,Female,Russia,50b3c1cf-ebc8-433b-95a4-0600c5464c58,7b6f7431-a879-47eb-b43d-c0e7091212dd
Ferne,Drewitt,fdrewittby@printfriendly.com,Female,Portugal,50db18a4-6e91-4357-b3f0-ea7aa7aac587,7bf0149a-7660-43d2-9d55-9d52b2b677ed
Juli,Howgill,jhowgillc0@goo.gl,Female,Philippines,50e2e49b-0c2d-4e46-bc09-17fc598ac2d7,53de579c-6655-424f-9736-388abe890f41
Wesley,Doerren,wdoerrenc1@cbslocal.com,Male,Sweden,510c1077-be0b-4e67-abbf-3657ac520b0e,d732ace3-6626-4d36-8d83-cd52057599ff
Estelle,Burnhard,eburnhardc2@cloudflare.com,Female,Philippines,51179dec-f265-4d59-b58f-372078a19503,6ed29e9b-4b47-4fb7-bf9c-dcc7dbb2fd5d
Douglass,Novik,dnovikc3@reuters.com,Male,Philippines,5133fd3a-ef24-4c0f-9d43-6308bc3ad0e1,a6456a47-16dc-43c9-8717-73bf127a35ba
Hyacinthie,Ambrosoni,hambrosonic4@wp.com,Female,Vietnam,513d447c-9f93-47e1-9257-3e9d633a79d0,91bd11dc-4f36-4d13-88d6-649f17c6024d
Rozalin,Dawidman,rdawidmanc5@baidu.com,Female,Bangladesh,5143a8f9-5a4c-4e93-95af-ae107bc3b7f2,96800c16-58cb-497a-9b73-f3be32db080d
Chrystel,Jarville,cjarvillec8@nytimes.com,Female,Argentina,515834de-5394-4e19-b868-379e18e568de,c23fe36c-14aa-48f8-9dd0-4f82c5601cf0
Kennan,Wheowall,kwheowallc9@hao123.com,Male,China,517e5523-4a0f-45cf-9207-7fa8b88516eb,9ae09538-c07c-47cd-8b63-13f9121115a3
Kendal,Coultous,kcoultouscb@harvard.edu,Male,China,519d0d3b-700f-481e-b991-ee4f2a3c2d78,1c4e3aeb-b2f4-4da2-905d-26a4ea9ddf49
Becki,Ashwood,bashwoodcc@uiuc.edu,Female,Indonesia,51c60657-cc16-4d17-80da-f07381d7ea22,f068c927-205d-427b-90d5-b2a8fae386d5
Ashbey,Tootin,atootincd@examiner.com,Male,Colombia,51d8e4d5-a3cd-4f47-916e-a0db7cf769ca,7e51aef7-e858-4c60-bd02-bd3f7e02ec20
Harrison,Stanier,hstanierce@ustream.tv,Male,Japan,51f146b8-d7c4-4f73-83dd-1030d18046bd,445ecbb4-c04b-49f4-ae26-c8f2880ceae7
Catlee,Hickenbottom,chickenbottomcf@a8.net,Female,Thailand,52006102-4212-437a-ab20-9f9bc8170b19,5051be10-90f5-4fa3-b40e-cdaa9f106e73
Florence,Castellani,fcastellanicg@yolasite.com,Female,Colombia,52037a60-bd99-4b1b-967b-ea0249b34ad3,4ff6348c-d4b3-43cb-850b-7b76064448ce
Elston,Maus,emauscj@google.com.br,Male,Denmark,526b6829-1cf3-4efc-a18d-1d83d7669984,defed066-8d27-45ea-803c-bc05c7e566bf
Jennilee,Hefford,jheffordck@answers.com,Female,China,52828f6f-af30-4e4f-82a9-0f237e3442ac,3083ee09-3215-41bc-b302-0d586402048e
Abbott,McGill,amcgillcl@photobucket.com,Male,China,52940329-5156-4e55-a710-af64fde6fbb9,532f58f2-3f1e-4233-adb6-20ae11bfd128
Keelby,Earwaker,kearwakercm@sciencedaily.com,Male,Chile,529986aa-b1ce-473a-8d3a-29125929b01c,7e029805-dbb2-4a40-a066-137b3c057d8f
Aube,Rosenfield,arosenfieldcn@storify.com,Male,Indonesia,52fe0992-7b91-4fdd-a0b5-43aef8a37651,b4d04b6b-fd1c-492d-8205-536fe1982e81
Kelcie,Klewi,kklewico@over-blog.com,Female,Sweden,53010ba7-c2f1-48c2-8858-0aa9c050a647,76a4e871-03df-4fbd-87dc-653ab82d0377
Larina,Josey,ljoseycp@ftc.gov,Agender,China,5309c578-0470-481a-80ff-f4695c741846,55442675-7e4f-4bbf-9bbb-55fe7a232d19
Timotheus,Griffe,tgriffecq@ted.com,Male,Comoros,533579c2-168b-4082-a6b9-a0ae21c0c2d3,300c301d-2f12-4f73-a5b8-c054e66e9b4f
Haskel,Rous,hrouscr@wufoo.com,Male,Bosnia and Herzegovina,5338a7d8-22c2-4fb5-982a-80b8b7f6b1ff,324e58fe-48f7-43b1-9f37-0a0be52758c6
Arnie,Polendine,apolendinecs@jalbum.net,Male,Panama,54b8a1d8-2580-47d4-a5d3-30a09b14b37d,c246474c-98c7-4a9f-ae18-e1a574fb715b
Jameson,Gregg,jgreggct@alibaba.com,Male,China,54d7e878-b08d-434c-aab6-c2084293a484,3e6d4753-cf34-483b-9269-a677d3756be5
Aeriela,Chapman,achapmancu@nsw.gov.au,Female,North Korea,55846d9a-9019-494c-ac97-e418b35e769f,eda81a0f-4797-43d7-9c9b-cc9016c60484
Ema,Bortoli,ebortolicv@seesaa.net,Bigender,Croatia,5607d84e-0eca-4ecd-a3cc-61a57874297d,0f1a2a6c-d4a3-47eb-9792-9db20b27b756
Hyatt,Henbury,hhenburycy@biblegateway.com,Male,South Korea,569594ec-742c-4c0d-9796-313e5ae60a09,f3e71510-34df-4cad-8275-537825c1b4ef
Luce,Rogers,lrogerscz@hp.com,Bigender,Brazil,56a9162b-72b8-41c3-b8e7-78998e34931c,df19b190-7b54-4060-9b7c-903b09bdeb7e
Gustavo,Wimp,gwimpd0@constantcontact.com,Male,China,56accb0d-fb50-40b1-82f7-8a54ac1176f4,ca222bd6-db0b-4177-9cc1-2e637d49fe3b
Cesya,O'Connel,coconneld1@elegantthemes.com,Female,China,56aedc31-4acc-4630-913b-93b4c24893f2,673aad50-d1f7-4adc-9c74-16bdf8dcd0d3
Sharai,Bendelow,sbendelowd2@4shared.com,Genderfluid,Maldives,576dac97-3e08-4a24-9b7d-b29073f50a38,4c493a65-d89e-4890-8bb2-197d877d5d98
Ralf,Odo,rodod3@theglobeandmail.com,Male,Poland,57a3393a-23c6-4179-bcbc-587306404ec0,6124cc80-8590-484b-bee2-0342cf751554
Ignace,Cuffin,icuffind4@buzzfeed.com,Male,Indonesia,57a89de0-23b6-4e87-9b4e-059609e5f1f3,00e2adab-0c32-44a2-ac0e-80273ee554b7
Alyssa,Laughton,alaughtond5@deliciousdays.com,Female,Poland,57b8cb72-cb85-4e0a-8cbd-dd77423aed25,915b2777-65f9-4ea4-b4bd-1dc1b8e1d474
Salim,Killingbeck,skillingbeckd6@deliciousdays.com,Male,China,57bb9489-032b-4fd9-85a5-d988b56130e1,064cc260-7b32-469d-823c-49064260336b
Beret,Shakespear,bshakespeard7@google.pl,Female,Serbia,58390bf0-3da8-48cb-9d91-54c63bd88672,58dcc859-19d7-474a-bb50-3d10cb59557a
Osmond,Pigram,opigramd8@businessinsider.com,Male,Brazil,585b9ce7-da29-4413-9757-999d9954d8f4,c46e9119-bea0-4dd4-aaac-0dc96611bcf0
Ferdinande,Menear,fmeneard9@sfgate.com,Female,China,587d4411-8c5c-4cc1-adff-d307cc706d88,55409ba5-6218-4f16-a272-7c83836cb28d
Guss,Luker,glukerda@nhs.uk,Male,United States,5892a4d7-5a2c-4d8c-bc6a-e5747d91a0e7,ce507e5e-0c0c-40c8-b282-2d6824986069
Queenie,Scane,qscanedb@google.fr,Female,Nigeria,58934278-1fe7-4f97-80a5-03e51cb10498,8bbaa1d2-2cbe-4d7c-9724-1fc111d19921
Allin,Stoneham,astonehamdc@yale.edu,Male,France,58cc5a57-336e-4c1c-96f6-fce0a355badd,5ed8db83-86d2-4456-8d97-2f186f8beafc
Demetris,Simms,dsimmsdd@house.gov,Male,Mexico,58cf333a-325a-4cdd-a2af-1d408eec26bb,10c72ff9-ab18-483a-84e2-7f50896ff1bc
Nerissa,Bramble,nbrambledg@pinterest.com,Female,Guatemala,59309664-3a79-48e7-84a0-5f3cb9cd033d,d5597062-d30c-4bbc-a8a5-189d69b3209f
Gaylor,Grangier,ggrangierdi@ning.com,Male,Indonesia,5949bab1-a798-4359-98da-39a5bd23b9fe,45a65d85-cf02-4a3c-aa30-da43a5250860
Celia,Linder,clinderdl@is.gd,Bigender,Brazil,59dcd153-d077-44e3-9914-52ae0b5c1db7,18556491-e6f8-4ab1-b97f-43075570044b
Sandro,Davidovics,sdavidovicsdm@nih.gov,Male,China,5a01d8b8-fd15-4ba5-b9e8-b11768e57ea0,cc05d5ce-bc6b-4498-be78-c14185110914
Jock,Peinke,jpeinkedn@photobucket.com,Male,Mexico,5a26d23c-e4e8-4c19-82c7-ce7229474f15,91e174cf-04b5-486e-b098-d87d9f272a63
Man,Desantis,mdesantisdq@dmoz.org,Male,Honduras,5a6fd10f-6b7b-4138-8ccc-1f11ce33b25e,87072550-d8d9-4d0a-a7b1-8ad159c47e6a
Boonie,York,byorkds@sbwire.com,Male,Ukraine,5a716314-605f-4ee0-8e72-959fe4681c8d,c46b005e-89a7-41fd-a273-dbc15bbbc96a
Tirrell,Shevels,tshevelsdu@last.fm,Polygender,Greece,5a781bc5-8b58-41c7-bdd5-2de7cc9cf41c,3b272b7c-390c-4067-916a-cbe350947043
Korry,Blodgett,kblodgettdv@yahoo.co.jp,Female,Colombia,5b025150-be04-4931-8f4d-197d45cc6696,b4ac221f-01d4-43a2-b6ca-64fd0e6d6c6d
Robb,Abrahams,rabrahamsdw@yelp.com,Male,Portugal,5b2142e6-e77b-40be-8b60-d6aacdc8c57a,17671d3c-a09f-4769-97e5-22abe1d1a1db
Jocko,MacCartair,jmaccartairdx@mediafire.com,Male,Indonesia,5b348ef5-3600-490a-8c2b-b74a6c3cf619,01a109a5-20bf-46ac-98e2-3f2555ea3a58
Ethelyn,Frewer,efrewerdy@mail.ru,Female,China,5b499265-11e4-4cff-8069-5fe8c963f5aa,2595c0c7-0495-43ab-95c1-c3d60cc50d67
Rebekah,Stormonth,rstormonthe0@twitter.com,Female,Norway,5b725c4e-3f6c-4dab-b5c7-aff1da4f95cd,f7d2942c-3108-4465-a69e-21a6544f6386
Lainey,Methringham,lmethringhame1@amazonaws.com,Female,Colombia,5b72f07c-65b5-4159-95de-fe46c8c0486c,ec9f2a40-6564-4601-82fd-76771af5c297
Maxy,Zapatero,mzapateroe2@pagesperso-orange.fr,Female,Russia,5b8b06f2-76c8-45fc-9db2-1ff6baa8451a,5c7ec6f4-6b7d-4c19-9bd1-0df5ea2d5876
Matthieu,Hector,mhectore3@networksolutions.com,Male,Malta,5c9dd4a7-da4e-4a64-8b82-12a74f0d42f5,ceb7c5f5-0400-452d-9c6b-86ced963594f
Addie,Duguid,aduguide4@nbcnews.com,Genderfluid,Ecuador,5cc245d6-1828-4f4b-9466-57cba492e959,5319e5d6-8481-4f6f-8727-ec701edcb6c7
Puff,Scurlock,pscurlocke5@loc.gov,Male,Colombia,5db13615-9d5f-4d44-a018-30da60b95836,813a26e8-e841-4a2e-abe0-6a990970c8e1
Ardyce,MacNish,amacnishe6@google.ca,Female,China,5df24a44-97b8-482e-bf38-11d3aaa8358c,38afc0e7-e9e4-4321-92b7-c2777587f12b
Dory,Obin,dobine8@dion.ne.jp,Male,Peru,5e1b3884-270b-4028-bd74-c2002eba1f28,87becf6c-3738-4273-8e15-d9dff937e0ba
Holmes,Elham,helhame9@aboutads.info,Male,Ecuador,5e6eb843-87ab-45a5-88ac-7e7b65e62aeb,4f8afe54-7a8e-48b2-bf0d-0a491e51a1c3
Rhodia,Sherrum,rsherrumea@toplist.cz,Female,Chile,5e8b00b1-e4bb-4bba-88ac-0d838d63d974,c03b26f6-f1ac-42a5-be61-afbad8d121db
Linette,Piburn,lpiburneb@webs.com,Female,Indonesia,5eab7045-c7a4-401c-a5a7-a7bab7703af9,a485f976-7b82-4777-900a-8033406ff388
Zed,Chadburn,zchadburned@facebook.com,Male,Russia,5ee88105-6c32-4217-b856-df5d363ee0b3,2d2803b9-7f6f-4f4a-9797-ac5c2f5bdfaf
Robyn,Tilberry,rtilberryee@goo.ne.jp,Female,Moldova,5f01a5b6-bb6d-46fe-9e98-41e8d72554f3,e7f89d27-3fd6-47a1-a975-714db6a68da6
Mariel,Welbeck,mwelbeckef@i2i.jp,Female,Sweden,5f59464e-5553-49bd-8d89-3f2222aa5445,b3f7e65f-5574-49c4-952d-221b03bb7183
Teressa,Rockell,trockelleg@va.gov,Agender,China,600490a5-0c6a-456e-863f-c31938171959,db7b0507-0bf4-4232-940e-202379103898
Lawton,Roset,lrosetej@taobao.com,Male,China,603da5f1-df69-4008-be61-4a4ffa9cf2dd,0aef9017-8692-4a8d-853f-9d441fcdd8d4
Waite,Phillput,wphillputek@addtoany.com,Polygender,Serbia,608ce09d-6efe-4cbe-a220-2db32223b56f,846d9322-4b34-46d6-a794-98fd9392c05e
Michele,Gorges,mgorgesel@newsvine.com,Female,China,60a7cfdd-92f2-4fab-992e-dc57b9aae038,05c8f41b-ab97-4e2f-a0a0-b854232bde92
Ximenes,Breeder,xbreederen@go.com,Male,United States,60b7d72f-d234-4f65-adfd-fb9740a54671,e8c1f89c-eb86-48fd-86f2-0bbc8a9d6574
Efren,Broadhead,ebroadheadeo@biglobe.ne.jp,Male,Micronesia,60ca75d6-81e2-42f6-96cd-a4dd61a019a5,e8bd3136-62a1-40ec-b1f6-8643ddd00f5f
Maighdiln,Antonsen,mantonsenep@boston.com,Female,United States,611bbf6a-524b-4381-b860-91b12c6cf22b,2dd3de36-472b-4503-8e8b-984747ddfcf2
Keriann,Camacke,kcamackeeq@alexa.com,Female,Portugal,61306276-84d4-40a8-b63b-f22c18b36430,68050cb2-05e6-4c75-8cdf-bd563f4ce3f0
Elspeth,Sabathier,esabathierer@prlog.org,Female,Sweden,614079ad-ec3b-4213-8038-466fab3995d6,942a7d70-1893-4632-8e58-284764b94005
Samson,De Caroli,sdecaroliet@twitter.com,Male,Argentina,61cd70f2-1a4d-4d2b-a2aa-45c8d916b211,d2fb388e-bf05-4c41-96cd-113293d86acf
Iris,Walrond,iwalrondeu@washington.edu,Female,Afghanistan,6226d8f7-74b7-46e1-9720-4f52f16d6884,d6b9758f-6096-442c-a0e5-fee20ffc37c8
Banky,Cromie,bcromieex@webmd.com,Male,China,62477ac0-9695-4d4d-a909-6ac1de79abbc,7ebfc8f3-ad14-418d-8cc2-2f355804823a
Irving,Wratten,iwratteney@buzzfeed.com,Male,France,626df67a-9c8c-466f-9a51-fced90bd18a7,8223fd27-e507-410f-962b-9f7aa4d303bc
Brande,Pilipets,bpilipetsez@state.gov,Female,Yemen,62c77357-0095-4373-9453-cfaef51035b8,30c9fc0e-e609-4122-be12-45e61e2969d4
Winfield,Hookes,whookesf0@elpais.com,Male,Ukraine,62db753c-4bf9-4d3d-9d22-88cd5ba15a60,bf6a9ff4-b324-4e90-b6e2-4f9a3ac102ac
Camey,Skone,cskonef1@g.co,Male,China,636a2f23-6a5d-4961-b941-471128424233,f15100e1-cc9a-4bb5-90f3-7ba7e65f2a7c
Clarey,Loader,cloaderf2@sogou.com,Female,Greece,63735da1-396c-48c9-9341-3d4bd0e1effd,d40e8a40-27b8-4aa3-b462-c454cae0021d
Justen,Fehners,jfehnersf3@businesswire.com,Male,Sweden,63c9f715-4c53-4252-b278-1b5de50eca66,0efc7c6e-1103-4a7c-b7ee-c6b814d03510
Gina,Paddingdon,gpaddingdonf7@accuweather.com,Female,Canada,63f96f18-f523-464c-a2d0-47107179ba91,3f1eee84-77d1-413b-ba8d-d6a5599c14b4
Sol,Hadgkiss,shadgkissf8@cmu.edu,Male,Brazil,64298a31-6846-47d4-bdd4-c35d1f7d3894,992d3bc6-5bcb-4513-ae14-af2bca7426b3
Kirsti,Girard,kgirardfa@archive.org,Female,Russia,647513f8-b55c-423d-b711-7ab108a300dd,0bd26a79-aab0-4d77-a736-c37546207574
Beverlee,Sheivels,bsheivelsfc@github.com,Female,Pakistan,64b2de59-458a-4f6d-835a-bbf0155627c4,1651d9b8-1f4b-4dac-9334-ff1be339548b
Ed,Ninnoli,eninnolifd@fda.gov,Male,Indonesia,651bd6b3-a402-44fe-a712-c87d08c6f9ff,07ac3142-58de-4dd7-8f82-a015078ff95b
Hesther,Benka,hbenkafe@furl.net,Female,Nigeria,652f829b-5613-4124-8beb-23a4d0c9d93d,a2451d8e-e563-43f0-8cdc-1115b5c126a4
Rabbi,Northage,rnorthageff@webnode.com,Male,Russia,6599d4ae-a069-43c4-bb4f-cd0b52bd4392,5dd9d395-b70a-49d1-b462-1a5faf51b885
Cordie,Puckett,cpuckettfg@wordpress.org,Male,France,65b6e25c-82d5-4d65-b294-5f30e8852f10,d6ea8cda-b1b8-4fe7-8c0e-29c79ed34e19
Anthe,Clarridge,aclarridgefh@huffingtonpost.com,Female,Philippines,65fc87c1-7ad5-4966-967f-b6dd907c9ba1,065e3a5d-44df-40b4-ad9a-936940f3d19b
Naoma,Filippi,nfilippifk@time.com,Genderfluid,Russia,66093106-6384-4843-ac43-d499a596da6b,c006a43e-f89e-4bdc-bcc1-0c4164102d43
Merrel,Weond,mweondfl@about.com,Genderqueer,Portugal,662e66ec-bbe8-4cfc-809b-cbfc3c006e7e,3871ae03-5be7-4a33-b92c-29c9c15aa9cd
Brade,Skillings,bskillingsfm@xrea.com,Male,France,66b8c73b-0092-406e-b764-1dd926ef2ef7,6407071e-5fc2-43b1-a4be-770a7cc4d557
Jsandye,Booker,jbookerfn@psu.edu,Female,Brazil,66c34a7f-fc30-4b1f-93a7-c32945605e4c,750d191b-11cf-43fb-ac45-3cbd4601428d
Kiele,Bompas,kbompasfo@booking.com,Female,Vietnam,67319939-07ce-4164-ad53-ada9c13a271a,cb2e10fb-70e3-46ed-a128-51fc858dd89e
Neville,Stiffkins,nstiffkinsfp@myspace.com,Male,Sweden,6737a5fe-6642-4322-a74c-9727d29acdba,5d1337f0-be37-48de-8b49-7185243bd78b
Paco,Wooldridge,pwooldridgefq@washington.edu,Male,Czech Republic,6791db22-5724-4823-b5c7-a8e16c37c359,2030f228-99d8-4045-b7f5-59847df5efc7
Nessi,Glas,nglasfr@examiner.com,Female,Indonesia,6793a658-fb27-425d-b02f-e7640be7da12,6f40ae3f-bac4-44f1-bd4d-ecfd8bf5d0e9
Andriana,Kielty,akieltyft@huffingtonpost.com,Non-binary,China,679ff4a0-b6b9-48ee-99c6-a9938a7d7281,5eb609c9-8019-4554-96fd-9bf7676890cc
Dusty,Kingaby,dkingabyfx@msn.com,Bigender,China,67cc0aad-1c68-4c1e-8b91-953f6315487a,2c946f64-c1fa-4c79-aa10-556492872617
Rad,Goalby,rgoalbyfy@4shared.com,Bigender,Poland,6885c693-6acf-403b-afd5-0c79ef2c2690,d0705aa5-807a-49b1-a560-89b8acde4876
Graig,Linden,glindenfz@last.fm,Male,Canada,690e53be-74a1-4507-81e4-76af78e75766,091c5b18-19a1-48d5-97b8-c0ee78f0c759
Corette,Pighills,cpighillsg1@wp.com,Female,Colombia,6a0796f3-b5cc-4ded-8efa-ead20e645f5b,87f30308-3577-4081-a1cb-a0c0d7a172a3
Kalila,Scrammage,kscrammageg2@live.com,Female,Philippines,6a60daff-9303-42f2-add1-7598cd7594d5,93ef8580-df94-4d38-b481-d96694bf0020
Warden,Filyashin,wfilyashing4@edublogs.org,Male,Indonesia,6ab2663d-0b0d-4166-8cbb-8da86f6bcf89,c34b18c6-9671-400e-912e-336bf75d9b82
Betti,McClaughlin,bmcclaughling7@behance.net,Female,China,6ae1c218-924a-458d-b665-8d1dcda9e0a1,333b9104-a1c8-415b-a1a5-c8117b215eb6
Jilli,Buttfield,jbuttfieldg8@ebay.co.uk,Female,Philippines,6af1807e-0ca5-4145-8e89-282cd46a3c84,839ace03-deec-4e3e-b9f6-c6005f3acba5
Saunderson,Ayrton,sayrtong9@google.co.uk,Polygender,Philippines,6b416455-0aea-4542-ad95-4fa1d6f49915,571edb77-c7c5-430e-ba29-be0985fe0e0b
Nert,Tidy,ntidyga@tiny.cc,Female,Portugal,6b5e9c6c-bb9e-4791-8c88-dbb5de4eec74,5b2b9d7c-eaf9-4e39-86d5-cbe83cd37fa1
Kass,Birchill,kbirchillgb@yellowbook.com,Female,China,6be29c5c-61fa-4155-abef-1093a17c770a,623b7bd7-d9d5-4678-bbbc-c7a957c9d51e
Avrit,Gilluley,agilluleygc@gnu.org,Female,Serbia,6c3b536d-cf5b-4892-adb3-c31992b45471,6911b5eb-3146-4376-a358-6817eeb2ff01
Trish,Love,tlovegd@reuters.com,Female,Sweden,6c98d387-780f-4ab3-a03d-b1bdf7e34312,d1bc7d38-81ec-43f4-a7ab-4feb5434572b
Zarah,Dullaghan,zdullaghange@mysql.com,Female,Pakistan,6caf9ecc-9084-4e95-a873-7743cff814f2,90e867aa-b5a4-4a69-882f-52ef0bd4c252
Michelle,Cantrill,mcantrillgf@sina.com.cn,Female,Ukraine,6ce68581-c2bb-463a-b77f-dbee62122809,423aee8b-604f-4fca-b048-0a9c2b545d51
Katy,Belcham,kbelchamgg@istockphoto.com,Female,France,6d2a95f8-939e-482b-90f8-d80dec9f3e88,eb3cb1bd-bbcd-463a-9006-3063deec2da2
Gretna,Pomphrey,gpomphreygi@parallels.com,Female,Russia,6d7017b0-de35-47d1-a564-abef3efc48fa,7ec6e1b8-37a9-423b-ad86-1ea78ca5a98c
Lari,Buttwell,lbuttwellgj@hibu.com,Female,Colombia,6dc14fe6-3ad4-45bd-8336-8e1f87cf0c2b,8b9a42b9-e181-4941-9736-8f5d930853ba
Rhiamon,Courtonne,rcourtonnegk@free.fr,Female,Gabon,6df62b11-494f-4a03-8397-26dd9e698818,b6fdcf56-5d63-4c73-a332-710a60e25618
Beatriz,Fasset,bfassetgl@illinois.edu,Female,Indonesia,6e559930-5acf-421d-af73-20337ef9e856,3b2863b6-1ce4-407d-8977-2144868e0eb7
Genia,Shane,gshanegm@cargocollective.com,Female,China,6eabdea3-681e-4a75-a6ed-7fce9e99ce0f,4c33052e-1168-40a4-818b-ae17d1cf267b
Aldo,Disbury,adisburygn@huffingtonpost.com,Male,Portugal,6ef654bf-aa98-40c1-8b43-ef7fee9d652e,87f00432-9276-4f2b-9ffc-32571c4e6eb2
Elston,Bathurst,ebathurstgo@google.co.uk,Male,China,6f2185af-a209-4851-a054-a339d23881ba,68a7c329-b5e6-471f-bc02-531e2ff07f25
Alexine,Gravett,agravettgr@scribd.com,Female,China,6f2c14bf-c247-411d-8538-0f8bcc050864,4f0e790a-98d7-4013-8d7c-2cb9762c24cd
Elita,Clinton,eclintongs@omniture.com,Female,Denmark,6f5a383e-ab1a-46e7-b44b-9e704fa0e7f1,166709eb-4df6-43df-96c3-00ff9a9df44d
Nobie,Aglione,naglionegt@fc2.com,Male,Nigeria,6f67f8b4-2454-4e8f-a6d4-cdb780708d20,857843e0-be49-4320-84b1-4b00b86c34fc
Janifer,Lude,jludegu@stumbleupon.com,Agender,Russia,6ff7845f-4ad6-4968-9dac-e2100a80e2a7,36b13b60-8a2d-41d1-9ac8-a2a537e58de4
Eugene,Moakson,emoaksongv@arstechnica.com,Genderfluid,Croatia,70265c17-2037-4377-a3d1-2035c4d5fa58,58319ae8-287e-4a60-ab9e-93480aa1ec13
Levey,Alvis,lalvisgw@marriott.com,Male,Nigeria,70c64e24-5e3b-4822-a948-e452b75b1543,68dfdd55-6a5b-414e-a599-16893e18b622
Erina,Ewdale,eewdalegx@mediafire.com,Female,Pakistan,70dbdf11-ebe5-4349-997f-5359ce97fe8f,0a8c5b12-4dfc-4da0-a946-116a44ef0f58
Christoforo,Benford,cbenfordgy@google.fr,Male,Lithuania,70ea1705-1e12-46c7-b035-377e6226a41d,bdd09f3d-544d-43bf-8648-91e4e0b69231
Cindelyn,Scotford,cscotfordgz@trellian.com,Female,China,70f1c552-ca27-414c-b67e-55fefc8051d1,6874d18b-576b-4ff5-830e-817dce0e0b80
Brenden,Blaxlande,bblaxlandeh0@freewebs.com,Male,Japan,7189430b-ff81-4248-9041-53e40290a198,154123e3-f53f-40cd-a448-c44bd3802959
Thaxter,Broadstock,tbroadstockh1@umn.edu,Male,Japan,71e4e689-fe07-4999-868c-86dee1137515,ecf9be90-d74d-41c1-9103-ca6650d7762e
Willow,Kershaw,wkershawh2@amazon.de,Female,Brazil,72b919d8-c717-47ec-99b9-c2408caa291b,da91dd73-2730-4fea-b9d8-0c96a4247ab9
Rossy,Peeke,rpeekeh3@rambler.ru,Male,Croatia,72f57483-f8d4-40f4-acda-fba517814922,4156ba4d-4c48-4101-9174-2422f8589196
Keelia,Frickey,kfrickeyh4@blinklist.com,Female,Mexico,7337a492-cf33-4103-94cf-1a324ef48027,f255d8a8-3c4e-4c56-b8dd-bfa9ff9e9add
Madelle,Tunnadine,mtunnadineh6@miitbeian.gov.cn,Female,Brazil,734c29b8-d4d0-42a8-8207-da55367c0057,3a8d5533-55be-43ff-9815-4dd6fa0706f1
Court,Stanfield,cstanfieldh7@cmu.edu,Male,China,73920f81-3293-4370-8c01-5beed77d6e08,d7b6b236-581b-4c56-87d7-c173843a4b80
Daveta,Raybould,draybouldh8@dailymotion.com,Female,Poland,73a08ab0-8e9c-4c9e-9748-034f108a8885,3255eaee-103d-4e23-850c-6915951797f8
Amata,Benedito,abeneditoh9@indiegogo.com,Female,Kenya,741ade71-9b4d-41b2-9252-dee0ad98a935,5342551e-c9f9-4452-a534-571b9843bd24
Jere,Blaney,jblaneyha@ucla.edu,Female,Finland,7420efdc-c2ac-4016-9291-7ccd8acf3cc8,17232f12-db51-4d4c-b29c-0db2c0cf0601
Olenolin,Douch,odouchhb@hp.com,Male,Indonesia,744cb35a-d76d-4887-99fb-abc26a4af0c4,5a17e187-5fb0-4614-8d90-2696e12ef49f
Lucias,Bloggett,lbloggetthc@liveinternet.ru,Male,Argentina,745bc67e-07a9-44a8-a54e-36cba4721d77,f33a23d1-5779-4712-924a-09f3d2e09082
Faye,Chaperling,fchaperlinghe@zimbio.com,Female,Haiti,74c81111-0a1c-4955-8e2f-5a7142ce577d,ba5f6000-5224-4d5e-a1c6-7ae5c4b77f24
Cristal,Jodrelle,cjodrellehg@tripod.com,Female,Honduras,75a30b5a-c21f-4441-b730-0a9df220409d,cee79d6e-c3c4-4d10-a48d-bceb9d6258bf
Pryce,Attwood,pattwoodhh@hugedomains.com,Male,Kiribati,75c9fe13-ced0-43b9-b64d-650e207a01b3,aee28c0d-3187-4b91-979c-25669b1d2618
Ignace,Van der Velde,ivanderveldehi@free.fr,Male,Poland,75e9fb6f-8a89-435f-8650-f4463528d4aa,56183b81-dcf0-465a-a8ab-8714932bd49a
Hilton,Doughartie,hdoughartiehj@discovery.com,Male,Philippines,75ee8b32-7e06-4065-a913-acfde8400ed2,a8ac7ccb-d93e-40e5-895e-c131043f05ce
Evangelia,Saffle,esafflehk@devhub.com,Female,Philippines,75f03ead-deec-4369-b3b5-08af8158556b,e61df7b2-64d2-4f22-9b71-82d3828757dd
Brody,Lenin,bleninhl@arstechnica.com,Genderqueer,Peru,76524c0a-fe77-4dc1-9778-f24f0e258227,0c91381c-42f1-4f76-88b0-27448f9edee3
Natalya,Broggio,nbroggiohm@china.com.cn,Female,China,765f165b-3208-42ce-9bfe-3db16e6a6d5f,548da4ef-eb33-4550-bd49-5ac82679a463
Bobine,Cookson,bcooksonhn@i2i.jp,Female,China,7712e0b1-1117-48f3-9244-df9da2ab1ab8,092d82b7-98ee-43f3-93f3-09fbc230a74b
Davide,McCabe,dmccabeho@mozilla.com,Male,China,774aa795-0fb2-4b39-adb0-0516391dcb5f,9498d7b5-0a88-4c06-873b-b767c70270b3
Codie,Heaton,cheatonhp@mapy.cz,Female,Thailand,7760bae0-64cf-4925-aa42-86356cc9b584,4e123ff8-dbb4-4eaa-88ec-f2947cc1ecfb
Benson,Matyashev,bmatyashevhq@geocities.com,Male,Peru,777e1939-d3db-4ac8-a524-4a75bb7ba64d,5590b044-c9ae-428f-baae-13719a305423
Eben,Whereat,ewhereathr@is.gd,Male,Czech Republic,783aa626-11eb-4ec7-a8cd-b2ec44dbe4b7,adf35912-d510-423e-bfaf-08c0b31a0feb
Vincenty,Veelers,vveelershs@deliciousdays.com,Male,Brazil,7849c32e-0d36-42ae-a4ca-1292c473fb67,4b16a497-9ef0-4a14-a6bc-1b75cc179fb5
Gerda,De L'Isle,gdelisleht@senate.gov,Female,Costa Rica,7884104c-ea6c-49da-9106-9be2454b3e4a,e58c90cb-13b0-45d4-961d-3336e20a3533
Anton,Rozanski,arozanskihu@umich.edu,Genderfluid,Philippines,78c78c47-234f-45ac-93b9-042c089dff12,8731fcf3-352f-4866-a221-3bc10bb27c5e
Isis,Dunseath,idunseathhv@utexas.edu,Female,France,78dbcecd-7a28-4e6b-a8a2-20ee10332d88,e5aaa72b-a071-4c60-9056-c7e6a1cd819f
Scarlett,Drinan,sdrinanhw@wisc.edu,Non-binary,China,7918bcc1-dc16-41ee-b190-8b67f0b87e1e,3f0559d0-bc47-4481-b4d8-c764ddb8fef4
Carl,Boyle,cboylehx@skyrock.com,Male,Indonesia,794bfba5-0be3-4d38-9cfc-de2620b47dc6,739b0384-eea5-45ba-b4ac-ec61cf28aee6
Pedro,Vaugham,pvaughamhy@live.com,Male,China,795c3106-31f5-48fd-94a6-eb79106e6856,749207a8-a8f7-41ed-a16d-6350773389db
Milicent,Eric,merichz@statcounter.com,Female,China,79884e3b-d40d-44dd-869f-e3c29c1b1f33,d2a92cdf-37ce-4871-9a88-0b79e80cd7e1
Heath,McBoyle,hmcboylei0@cbslocal.com,Female,China,79aac6fe-9095-4d71-a79d-5250a67facd9,954fe91e-0d5f-4211-8bd8-c3ae687766cc
Tait,Irce,tircei3@twitpic.com,Male,Indonesia,79eb7a12-aa17-4fe5-b801-110cb41060d6,10174961-76c4-454d-9c46-6d26c9daa574
Leona,Logue,lloguei4@ibm.com,Non-binary,Nigeria,7a3c33cb-56e7-4c8f-b1b5-4d61c8cbef47,2a2e32e5-58dc-4fdc-9705-ab10404e7720
Berkie,Mingame,bmingamei5@loc.gov,Male,Philippines,7a55c2e5-f07b-4f2d-877e-3cb818b2e228,ff6f6fc6-ab08-4cb7-95fd-c963af64ac73
Jethro,Chinge,jchingei7@abc.net.au,Male,Russia,7a6099a7-f9b9-47be-b17f-8323715b4e08,e45b0684-6b62-42bc-bde7-85ac0a62352b
Wallie,Nolte,wnoltei8@cmu.edu,Genderqueer,China,7a81c47f-46f3-459a-9cd8-51a898cfdd29,160a145d-bd1a-4dee-9f58-0acde0737c7f
Raimund,Ragate,rragateia@businessweek.com,Male,Cuba,7a9a3111-80d9-4f57-a3e2-640c41f251ef,df086f1f-6124-4427-b610-a2e4d4c7cdef
Natty,Eglese,negleseib@phoca.cz,Male,Ukraine,7aa775d0-5143-43f4-9c76-1e05bffebaca,ea52ef29-bd5a-46da-aecc-a46d0f1bfde5
Belia,Kennford,bkennfordic@washingtonpost.com,Female,Poland,7aaa4448-3c33-48c7-9070-1582d9c9ccfd,1a3e95d2-bb14-447f-9a83-7a1ef00d9148
Willy,Matton,wmattonid@ovh.net,Genderqueer,China,7b0c1d8a-2ef3-46ee-ac49-fa1978b37292,25f7a3d1-c505-4a5b-95f4-c6a1aa9411bb
Fredra,Soots,fsootsie@pinterest.com,Female,China,7b1ebe8e-bd2b-49f8-91ea-7b26e88c058e,25d8728d-b4ed-479c-abfe-9e1e6c0183aa
Kalvin,Carwardine,kcarwardineif@walmart.com,Male,Philippines,7c1d8417-e3fd-4c68-820f-5fe7b00b887d,9af7ef4f-23b0-45d6-b4dd-6f8c5768c4e7
Cecil,Storie,cstorieig@indiatimes.com,Female,Sri Lanka,7c548a1e-8830-4325-811f-accac802d669,c843adf6-43aa-4379-9a3c-f7d03aa1947d
Ruprecht,MacGown,rmacgownii@amazonaws.com,Male,United States,7cdd6ccf-406d-43fb-b4bc-93b583de69e4,7dced363-8996-46f5-987c-ed5c266427b2
Jayme,Myton,jmytonij@alexa.com,Male,Russia,7d4677d0-6067-49d7-addd-b10f5ef3e258,508dbe53-1d0a-4b06-bec2-4f92afb2cec0
Winthrop,Knight,wknightik@webs.com,Male,Guinea-Bissau,7d529096-644c-49d4-8852-a9b8a3367f1e,d0e4ea56-7ca8-45db-9ebb-d2dfb35cbd22
Marline,Aubri,maubriil@list-manage.com,Female,Equatorial Guinea,7da31869-6f26-4399-ac2b-636d53f58565,94debdd5-2b6d-4c2f-b244-7112edaabfa8
Percival,Dykins,pdykinsip@flavors.me,Male,Indonesia,7db0af83-7e21-435a-869f-607ffdc502df,c1b833b5-4ef5-49af-811e-4791a3746b80
Torrin,Dummigan,tdummiganiq@webmd.com,Male,Bangladesh,7dd84aef-65f0-4709-a77c-57738b1202be,0d0ba1a2-a837-4ffb-add9-68f23172ef58
Broddie,Alexsandrovich,balexsandrovichir@soup.io,Male,Japan,7e053b90-22d7-40b2-b032-9782c1d7ef4e,d4565768-5e44-478f-a524-38fdd23f3a5d
Loralie,Plaistowe,lplaistoweis@state.gov,Female,Argentina,7e3fcba7-539d-4b5f-b09f-8c1a4298ecdd,57673764-ed7d-42a0-b45b-7eefb4a27a2e
Trudie,Cometto,tcomettoiu@go.com,Female,Indonesia,7e655f67-c66e-4016-8d02-a9c04939c606,8d548c46-3992-403a-b141-4ddc054af308
Brucie,Belitz,bbelitziv@ted.com,Non-binary,Greece,7ee108fd-2559-4940-ae8a-44443c138b05,54ccbdcb-5b16-4f5a-b557-d497a2abb9c8
Cammie,Chettle,cchettleiy@nytimes.com,Female,China,7eefd293-3591-4f18-a9cf-5efbc887d174,c98b15e8-27ca-4a9c-8e92-8234a1204292
Binky,Skettles,bskettlesj1@toplist.cz,Male,Brazil,7f5abaaa-95e5-4d0a-b3b4-2954535e1acd,1958a328-45a6-40f0-a92d-e6f0d0662936
Angelle,Vinnick,avinnickj2@latimes.com,Female,Indonesia,7fca4ffb-6256-47a3-9a5d-e8c96570001f,43341b74-cc20-47ef-88d1-22e6ff192caf
Merwin,Healeas,mhealeasj3@soup.io,Male,Japan,7fe1fcf8-1537-4cae-9517-388d64230b3a,1efcfb41-7473-4d5f-b2db-7b7c8c889796
Dare,Munehay,dmunehayj4@tinypic.com,Male,United States,8068565c-c293-4eb5-b08e-0b075e3e7662,2803758d-ac64-47b1-83e3-5f51fa19b2eb
Rooney,Scothorne,rscothornej6@umich.edu,Male,China,80779051-22d5-448f-9f2e-9cc54437748e,ba894021-03bc-4b0b-bd30-7c19eae6dbd7
Aggy,Dumbrill,adumbrillj7@chron.com,Bigender,Philippines,80886ea4-0c00-4502-8049-ba5be12b76d3,659e41a2-8d37-4d3f-8d62-7875509f183a
Amory,Foister,afoisterj8@google.com.au,Male,China,80dcab84-6158-408c-aff0-2d455bf1d909,31487349-b9ab-4c08-8686-6ae2718c43ee
Claudia,Simanek,csimanekja@cpanel.net,Female,Azerbaijan,80df410b-88c4-4c56-84bf-f05e2c28fe5b,e155bef4-1892-4da8-a544-f8951e33153b
Marleen,Denty,mdentyjd@1und1.de,Female,Gabon,80e42c16-7620-4308-bfb6-524298a074e3,8ec4730d-38bb-4b90-8a59-224c7a38b36f
Wait,Shead,wsheadje@pbs.org,Male,United States,814cc5a0-2a71-49c3-a246-decb8b7024a7,3460afcd-f1dc-4ea7-8881-845a8773bb88
Jackie,Cullotey,jculloteyji@4shared.com,Male,China,823acc79-8a3d-4ce8-9d7d-a2071399f11b,924ee0cc-6229-461d-8020-dcb1e9bbdffb
Vilhelmina,Coughlin,vcoughlinjj@rambler.ru,Female,Philippines,82884608-c158-4c4a-a1d0-63503b9e211c,6adb5970-6b13-4e73-b209-f862c2b53752
Quentin,Lesor,qlesorjk@washington.edu,Male,Nigeria,82eca20e-8b83-40cb-a26e-e300e20d77f8,7594f660-ea53-4684-9c24-d80d69719eba
Aylmar,Grieve,agrievejl@zimbio.com,Male,Democratic Republic of the Congo,82fda2ea-1f27-4842-8be0-2d3ee6878e1c,32216a64-44d5-4d4e-8be4-6add3ab10273
Clea,Petkens,cpetkensjm@comsenz.com,Female,Indonesia,831d432b-130a-442e-bdf9-508ff09af374,d568f0de-3296-4825-9ec7-8c1684619694
Hedwiga,Gowthrop,hgowthropjn@paginegialle.it,Female,Philippines,83457319-3d62-438e-b20e-879a3dc138ea,8b2f0c23-2038-462e-bd8e-af7b2caf1083
Janel,Terbeck,jterbeckjp@scientificamerican.com,Female,Philippines,838086f9-dd7e-4bd6-8789-d653e84c78e4,876190aa-7f62-49db-8fc5-e10cd862a209
Rhys,Maruszewski,rmaruszewskijr@eventbrite.com,Male,Malaysia,83e28128-f717-4253-89a9-975cc281361e,6008e8fe-c180-45b2-8d28-9a893b245880
Brand,Lalor,blalorjs@canalblog.com,Male,Colombia,84ab4c80-e09d-4e6d-bda8-75b91f744dab,63be8575-474f-49b4-bd6c-3be310ca604b
Johnette,Riolfi,jriolfijt@wunderground.com,Female,Croatia,84e3c390-ef86-4457-b8a8-dabd576ced05,935991f7-08fd-4fab-a59f-af4f5a238bdf
Caria,Stobbe,cstobbeju@timesonline.co.uk,Female,Russia,8514b1c0-aa92-4d98-a46c-45935e20a186,d50f1f1c-4aeb-4f81-bea9-49ed5ef47487
Ariel,Tourmell,atourmelljx@csmonitor.com,Female,Indonesia,8527ca9c-934b-4350-bfda-fe14f2f926fe,f4173b62-6d55-49ee-87f5-aabc6afbc6b5
Donn,Hurche,dhurchek0@blogtalkradio.com,Male,United States,8578e02c-48d3-4c2d-9688-b9a825a60e82,78693b72-467a-4340-8cb0-7d4990806470
Oliviero,Yarr,oyarrk3@ask.com,Male,Indonesia,864158bd-94ee-4d55-9542-0f9add850857,54ebd3c0-c366-44af-b5ae-bb4ac59afaac
Edgard,Elman,eelmank5@furl.net,Male,Mexico,86a4c2de-075b-4c26-9479-29017341015a,9c8b6aa5-4d3c-4f0a-87b7-109feb96e1d5
Ninette,Dunlap,ndunlapk6@tuttocitta.it,Female,Poland,86ab566f-9f58-431e-9c05-9e214a228e2d,6bb40aa5-b63c-4edb-8b8c-7946ff4be3dc
Lorettalorna,Jellett,ljellettk7@squidoo.com,Female,Argentina,86af8824-e301-4e17-b9df-8ae7c472cc23,e1338493-1d3b-400d-a897-d980c3e8955c
Karon,Jencken,kjenckenk8@macromedia.com,Female,Brazil,86ccd4d4-cf06-42d4-b121-49ab7fce416e,3fae5647-4f18-46c2-972f-3405e358ef3f
Neel,Gummary,ngummaryka@tripadvisor.com,Male,Brazil,86db9fd0-9dfc-4fee-9295-68e0b9680794,a614a461-dee5-458c-b87a-6fd53743ed57
Dynah,McJury,dmcjurykb@ft.com,Female,Portugal,86dd58db-9840-458a-8c56-1b99b0d6add1,bad3cfce-6560-4fda-811b-ff9a68f15b08
Johan,Ferenczi,jferenczikc@github.io,Male,Republic of the Congo,877a38a7-776c-4448-8653-1a45f0449829,81117b8a-8039-473a-bcf3-912103fe3268
Gina,Bosward,gboswardkd@narod.ru,Female,Republic of the Congo,88253a42-0de4-40f8-952b-58d66d41583f,16b4e4de-63ce-4adc-80bb-d6f89664bd4b
Cristian,Gounod,cgounodke@mysql.com,Male,Portugal,88410dd2-7d0f-42a7-8be2-5c284bc18ce4,51a507af-1f0b-4bc8-ab2e-34cfe6a32d6c
Rita,Osborne,rosbornekg@cdc.gov,Female,China,8849c8d3-4c21-474b-8603-1109dc8a4597,d9559154-50d5-4dc7-b016-69e871e7c92e
Guillaume,Earle,gearleki@parallels.com,Genderqueer,Zambia,8851cb4d-acc2-445c-a854-82b440a7d34a,e92c7689-67a3-4e6f-8f99-c32211e5b903
Orran,Horche,ohorchekj@t-online.de,Male,Portugal,88e53e12-f2d8-42ed-8805-97fc51af66b7,267f1864-3597-4f5b-b1f0-ce101d77c25a
Vincent,De Hailes,vdehaileskk@noaa.gov,Male,Brazil,88f28f39-9f8d-4de8-b445-19c5c282b4e6,432c9f4d-45e3-4dc4-bf42-ebfc16620da7
Reed,Sallery,rsallerykl@umich.edu,Male,Albania,890d0adb-7d38-4d8c-a26e-811db9593b6c,f09c7fb8-7d9b-470e-b9e0-25af51dcf36d
Alameda,Hoodless,ahoodlesskm@alexa.com,Female,Poland,899f7246-9e80-4115-bd9b-1d1dbae0608e,d2f649db-8fd7-496c-9096-a95665cd5244
Brooke,Creelman,bcreelmankn@msu.edu,Male,Poland,89f4cb85-ad46-4d44-aa9f-3078b6952201,94fbfe2b-3819-4810-abd3-9e1abc526746
Stefania,Denington,sdeningtonko@sakura.ne.jp,Female,Poland,8a60d17f-7ed6-4f53-b166-3974dc45359d,c13c3fdc-0257-4314-b6fe-b3f88badeb0c
Ilse,Rousell,irousellkp@histats.com,Female,Bangladesh,8aab13d7-8c68-4b98-ba2d-2f4e141a159d,e1cb4926-f395-44eb-9047-af39c16a7ac0
Del,Oldknow,doldknowkq@google.com,Non-binary,France,8aeb3c69-4f3a-477c-a476-3266a7babd3d,a5db8620-c22a-49ea-9b5d-cbf7e8e18d5f
Merrill,Faire,mfairekr@irs.gov,Genderqueer,Russia,8aeb5208-5aac-48f1-9291-ce43e1340dc3,6bf3c0d1-7bfb-4c91-aa79-6a05394d0105
Gaspar,Rainbow,grainbowks@illinois.edu,Male,Kenya,8c6504ec-b667-4650-a0aa-fb210c50a2e9,ddd1a806-871c-4d2e-b67d-473fb13c6077
Lisette,Usherwood,lusherwoodkt@cnn.com,Female,Japan,8c7df004-130e-4e78-9ece-417deb2578a3,88cb2a7b-d68f-4029-b1be-cf0ae3e6ea35
Ruthe,Simakov,rsimakovku@drupal.org,Female,Indonesia,8c828080-74f5-4ddc-b184-4ccec1c6d3d8,ed5b174c-297a-4eea-a7ee-1ab3e5ebcd05
Anton,Tincombe,atincombekv@mysql.com,Male,Portugal,8cb1bc93-9a06-47b8-bed8-56c4423db017,b14b126e-b504-4dbc-8598-3058d9f841e0
Marcella,Lukasen,mlukasenkw@jigsy.com,Female,China,8cc8aeb8-8f6a-4fac-a21a-4b75ce5604d9,74aed702-660a-48c0-80df-5d051f7e3f13
Barnie,Buick,bbuickky@nature.com,Male,United States,8ccfee8a-34c1-48de-a906-416e7954e5e1,d0b2453e-4987-4afa-873f-f67e189840b5
Daisie,Kettlewell,dkettlewellkz@over-blog.com,Polygender,Honduras,8cfb877a-91cb-4db8-ae5a-142d5f71b2c0,ecb7ada1-3002-4868-b1fe-349818d2a944
Onfre,Surpliss,osurplissl0@independent.co.uk,Male,Portugal,8d1c2482-4b29-4fd6-aca5-4e1e5c150716,0221a875-3924-4cf1-bb63-d18cd2a3b4e2
Rube,Crosetto,rcrosettol2@vkontakte.ru,Agender,Russia,8d5585d0-ccad-4419-b403-d1cf1b268721,b6cbf74e-9297-45ff-9fec-5890dabccb74
Urbano,Dictus,udictusl3@privacy.gov.au,Male,France,8d8a323e-9bfb-4317-853a-5e6a31975396,3fc25164-fe03-4d30-93ce-b096f5023e11
Farrell,Betz,fbetzl4@last.fm,Male,Philippines,8da41528-7482-4dda-a3ee-e2679ee8b91b,b85018ba-39b5-4bdf-8cb5-0b177c4d1722
Xylia,Brislawn,xbrislawnl5@usda.gov,Female,Kenya,8db04d3f-7145-4bdd-9e4d-ccb69c32c41d,93a533e4-bb88-4534-baba-17d6ceca2a23
Maritsa,Arkow,markowl6@uiuc.edu,Female,Brazil,8e3278eb-4026-409b-9a30-5ea02f2a410a,31e9d1be-adfc-4c22-b24c-5b573828fcb2
Free,Checchetelli,fchecchetellil7@cnbc.com,Agender,Russia,8e6d0735-43bd-4ecd-a4cf-e9538befd5fa,260a0770-b900-40be-af7d-946b5ff5223b
Jarrid,Knowlton,jknowltonl9@nyu.edu,Genderfluid,Peru,8e825ea0-530d-46cd-a30e-00e5ffece6c4,f369e839-2867-446b-aa4c-300bc7436d74
Gnni,Woolmington,gwoolmingtonlb@1688.com,Female,Indonesia,8ec39b0d-d956-4715-85e6-ddc592aadf52,73ea7169-626f-40d3-bf61-57b363b1f87c
Dennis,Portal,dportalld@rakuten.co.jp,Male,South Korea,8ed4ed62-7843-4c60-9952-d39a80ad2bf7,0e772a52-8f90-4a87-b8a5-765e0451ecb3
Orv,Klimentyonok,oklimentyonokle@loc.gov,Male,Russia,8f0554f9-8fde-4e78-8a10-618751b2e384,3038d30c-8019-4e0b-bde8-91e64c8232fc
Bearnard,Rossi,brossilg@google.nl,Male,United States,8f5d7630-e340-420f-8925-f79fb192cc6f,0e696767-8b0b-43d2-92af-1eb42e2a49a0
Aubrey,Betho,abetholh@a8.net,Agender,China,8f61afbd-49f8-41d2-984d-811d8370e3b5,5189ff5b-8ca0-42e4-a1da-127bbc61837b
Gerrilee,Joannidi,gjoannidili@google.com.br,Female,Afghanistan,8f6a2b46-fd52-47b9-8b74-1b50ee0cb66f,b77ca716-83e5-4f0a-a5c4-77fdec01a257
Fredrika,Casarini,fcasarinilj@reverbnation.com,Female,Norway,8fc191f3-381d-43f9-99a9-7be176b9dbad,bbda728d-390a-40b0-aae5-951cdde0465b
Puff,Hembling,phemblinglk@51.la,Male,Czech Republic,8fd2b790-88a0-4441-8624-6df86bee3bc7,3945f519-6d08-4aaa-85bd-3a21b4a68d50
Rafael,Heijne,rheijnell@salon.com,Male,United States,8ff47334-ef8e-401a-9d7f-7c148432d6c7,435df5f5-8ac4-48ee-a9e3-0af8f5df141b
Anabella,Ingleton,aingletonlm@bbb.org,Female,Brazil,9028d515-86a6-4eba-a144-4406c59c719c,10081dc9-d11c-4196-93ec-619249ecca40
Nadean,Cuddehy,ncuddehyln@barnesandnoble.com,Female,Indonesia,903259e2-681c-4577-a658-5a4a9b2670ac,29bbfc8a-1744-42b3-810b-1496bda7c743
Brig,Wandrich,bwandrichlo@nih.gov,Male,Tanzania,90cdedcd-b4c4-4322-8879-486f259787f3,8d83c288-6cce-4b13-8065-57a89fe10384
Christiana,Bridges,cbridgeslp@live.com,Female,China,9100bf9a-cf18-478a-a284-e73d2a4cac88,f0eec218-b16c-4dd3-abcf-22bcb2bfdb0d
Brenna,McRill,bmcrilllq@npr.org,Female,Mexico,912b153f-cf8f-442f-b978-bb29de0f6993,5dee43df-a913-403e-9546-bcf6843be5cf
Timothee,Richter,trichterlr@yandex.ru,Male,China,914c253b-3697-4f50-b8e8-be2d826dda47,56cd17d9-ecc9-4a7f-bc98-e5fbd8b89da2
Helga,Bortoli,hbortolils@uiuc.edu,Female,Canada,915646f6-7bbe-45b9-b027-1890ab381ca5,5e7edc03-4260-4e01-a9b6-94aa4c20ec5c
Hube,Trenchard,htrenchardlt@elegantthemes.com,Male,China,9172f255-a4f6-45bb-bd4a-7ed20330e956,ddd68a5b-8297-41b3-8b83-cba52d5c9e42
Carly,Rastall,crastalllu@gmpg.org,Genderqueer,Portugal,924c34d3-ee63-462e-9fcf-b065e689e64e,c1b0e006-89c9-4642-b53e-22708c5a7cb4
Cobb,Beranek,cberaneklv@wordpress.org,Male,Philippines,92738963-a58d-4c86-a54f-1fa3a10636ac,3ce0fdd5-c7c7-4225-9a98-7dc32a7a8e22
Chrissie,O'Hartnett,cohartnettlw@google.fr,Female,Colombia,927d7c46-cd1b-431e-882e-6172c2bb6f27,058f74a3-0c9d-4d69-b623-720924e532b0
Christyna,Frankham,cfrankhamly@google.com.au,Bigender,Indonesia,92eb365c-2abb-4a2b-aa0c-7ce1ed48160d,ead67b9a-c923-4b8f-9b40-64d8225426a7
Kalinda,Bryden,kbrydenlz@foxnews.com,Female,Croatia,92f76dac-bf2e-470d-88b8-fc02a68bc097,768e8cac-6912-4026-ac20-c6ca77ebb995
Alisha,Hein,aheinm1@google.it,Female,Peru,930f3677-74e4-4eac-915a-57e944905410,e5693429-d0c9-4060-92e0-b6c2392258de
Avrom,Brabban,abrabbanm2@dropbox.com,Male,China,933dc272-0def-4d0d-8816-4c3915250286,8231ba48-9bcd-4b47-960a-65b93d12bcb1
Trace,Kersaw,tkersawm4@seattletimes.com,Polygender,United States,94b0d8dc-32eb-4ded-8703-d788a53d386e,a0f5111a-dd25-415c-b7dd-774692e4b48f
Kassie,Aitkenhead,kaitkenheadm6@fotki.com,Female,Japan,9511c791-09a8-4eb8-be69-3ea2fc708f3a,b2cf799f-617d-4c9d-88da-e49f71ce9712
Angela,Rosenfelder,arosenfelderm8@1688.com,Female,Thailand,953cacff-81c0-44fe-9fe7-50b5e8b487a5,89ef0f34-726d-4fcc-8188-96da3e31aceb
Wilona,Afonso,wafonsom9@discovery.com,Female,Nigeria,95598fcb-23cb-497e-afd2-9109b8691021,49d93700-d96f-4eb1-a630-cfc47dd78d0e
Walker,Mc Corley,wmccorleyma@e-recht24.de,Male,Indonesia,9591a1c9-d09f-4557-acf6-016ecbae0a5c,229aee54-af65-49bc-80bf-f04c9eb61174
Jillana,Grenshields,jgrenshieldsmb@wsj.com,Female,Portugal,95d41453-3e5e-4ecf-a447-057649756903,6711d284-4c4d-4a0c-a605-9bbc2af667dc
Maribeth,Savatier,msavatierme@jiathis.com,Female,Brazil,95f553c5-060d-4f40-a8c8-68d916d29e15,cc9a7ebf-3fa0-4492-a587-235552fb341e
Alice,Francklin,afrancklinmg@nydailynews.com,Female,Russia,960f3a38-7a62-40a9-8889-db6e729e8ee0,70d34d6c-9353-4664-8968-3f9d1182aa0f
Rollins,Jobling,rjoblingmi@360.cn,Male,Indonesia,961b981f-e9c3-4418-8324-52e19273dadb,ffcb3de3-8180-414e-9ce5-7feb03189515
Tucker,Ambrogi,tambrogimk@java.com,Bigender,Philippines,962978f1-c6fb-4d4c-9cbc-b315fa120b57,547a1298-1db0-42b1-bf59-a9d1345a54c4
Kellyann,Wakerley,kwakerleymm@cpanel.net,Female,Indonesia,966e7d23-f0b8-483d-a3e7-53d7fdbf0bc3,98e5f417-1e12-4229-9a6a-d7a3c57b14b9
Janith,Durrance,jdurrancemn@prlog.org,Female,China,969eee35-2f73-4672-92b7-1a34c7fdb019,bddb4d4b-4189-4681-a7c4-3c3374c4745b
Dyanna,Geertz,dgeertzmo@joomla.org,Female,Ireland,96d89408-e3ef-4474-bb82-f11081ce00b2,e717dd4c-a46e-4a26-bdc3-008a846ad575
Odo,Collisson,ocollissonmp@a8.net,Male,Pakistan,970d5bc0-7e53-4bb3-a412-9ded0d61b3b8,da2a5a74-5b86-4654-9a49-549e33ced4a0
Jone,Nana,jnanamq@dyndns.org,Male,Indonesia,97220c8f-5903-4bd7-8964-4e6118f59541,014c9e76-5710-4b80-88ac-8bafac1f99ee
Kristy,Love,klovems@oakley.com,Female,Indonesia,9738adba-a29e-48e1-a4fc-e63cb703f4bc,29e2b238-bb97-44e6-af79-a82ff2e508b6
Derrik,McGerraghty,dmcgerraghtymt@loc.gov,Male,China,9761204d-3543-4813-a4b4-39aa19dcecb3,0ce8c3d0-eca0-4b15-8ef2-019a3ec7df8f
Rikki,Huskisson,rhuskissonmu@blogger.com,Male,Philippines,978b6c11-555a-44d5-9679-201aca6a7438,9dd4375d-c913-4c9e-a65b-c1cba424de64
Ranique,Fassam,rfassammv@desdev.cn,Female,Greece,9798ccfb-ad0d-4312-919b-3633c202cd92,b31d3b0d-3654-4d5f-bf65-8a6207da143b
Alexandrina,Piken,apikenmw@bbb.org,Female,Uzbekistan,98282d8c-dc12-4c43-b36e-f9e0281165e4,3947bdde-ef3c-477d-a135-3595ed2a5428
Hollie,Delia,hdeliamy@fema.gov,Female,Malaysia,98dec30f-4abe-4593-ba83-13f7e7b24997,efaadda3-d72e-4e97-962f-b06906386381
Dottie,Goning,dgoningn0@cnet.com,Female,Slovenia,99f0be51-d366-4218-bf57-504b743cb8d9,2867a41c-74fd-4a42-816b-012f86443800
Cassi,Martensen,cmartensenn1@squarespace.com,Female,Chile,99fe181c-8c35-4107-be7b-01bf8317d578,0d33a92e-2ae5-42a2-84f1-c4eda56b495b
Michail,Winward,mwinwardn2@imdb.com,Male,China,9a27b999-ebaf-4fa7-ac3d-b100250b27c4,96f854ce-b26f-4a73-970f-a8077a68d217
Nolly,Balfre,nbalfren3@jimdo.com,Male,China,9a314914-cc96-46dc-8961-65d40955737d,8b6f01e8-d3d8-43e2-8a3c-a8dff283fd3a
Crin,Parminter,cparmintern4@ovh.net,Female,Brazil,9b23240d-1a5c-469c-9c25-96a6dcfc0cda,94a84484-e672-4403-b2f1-c8892396a277
Rodd,Guiden,rguidenn5@jalbum.net,Male,United States,9b59a6de-1d3c-440a-81c7-5fdbcae72c2e,b2a7f9fc-cbde-4118-a0ab-9fa520983628
Molli,Hapke,mhapkenb@cafepress.com,Female,China,9b6f7f65-46ac-4dc4-aaa6-b78c72b58cc8,1630f497-9d34-4914-9b11-add9d4c69de8
Tedmund,Francescuccio,tfrancescuccionc@google.com.br,Male,China,9b834071-7940-4558-b095-ccea6c3b4f41,cfb26e87-401c-47c1-92f1-b28eb2f8d550
Karly,Cicerone,kciceronend@hatena.ne.jp,Female,Brazil,9c169eda-ca3e-47a8-8d78-df1ced6f6250,904fc2c4-4edb-4270-a12b-931072e902b2
Tabbitha,Selkirk,tselkirkne@zimbio.com,Female,China,9c67dcfd-0d0f-4cd1-8f7f-5ad464328574,b5016e4c-d7bb-43a2-a2d8-12bc1e8729af
Trixi,Upwood,tupwoodnf@nbcnews.com,Female,Brazil,9caab492-fe0e-42cf-adad-619736d4d4a3,2d317058-0d1e-4387-9589-10cc4bb9e6e4
Krishna,Shrieve,kshrieveng@google.cn,Male,South Korea,9cd37779-e6ad-46ce-b225-98217164ae11,3feeeb64-5ebf-43b4-ae4f-c0f1f5662488
Brigid,Cunniam,bcunniamnh@acquirethisname.com,Female,Portugal,9d8369d5-05f6-4a10-9add-c45200f7ca3e,eb773a00-fa61-4cd4-9699-5f1b82035aca
Pegeen,Negus,pnegusni@symantec.com,Polygender,Colombia,9d84350b-62d7-488e-855b-497062a03b73,2c53b5f4-be51-42e9-ac25-a2518af6bf4a
Vladamir,Giorgiutti,vgiorgiuttinj@is.gd,Male,Palestinian Territory,9d8d3373-5837-464a-8165-d55ec26cdc8d,1a95ec9f-6d7f-4f75-8b7a-ab12f2394b97
Willyt,Setterington,wsetteringtonnl@bloglovin.com,Female,Indonesia,9dbf7068-56bc-4534-a4f8-d800a3b027c9,f29d3c34-ee7b-4438-88e1-9371aa0302da
Wain,Durram,wdurramnm@unblog.fr,Genderfluid,Canada,9dd0a51c-4910-4a83-a9a3-4feeb3b60b1d,cf3bdbcf-c26e-4ebd-85ef-176e9eb3ca2c
Tobin,Liebrecht,tliebrechtno@networksolutions.com,Male,Thailand,9df6835a-b7ff-4a7c-9e55-23c4826ac9ea,936af3e1-e73e-4558-abe9-26c614df029b
Banky,Stable,bstablenp@forbes.com,Male,China,9e045af6-d3b2-4d2a-b1b3-82717412f7ca,3a192c28-690d-4bd7-a6c6-2fff36ab5b11
Kamillah,Bezant,kbezantnq@cbslocal.com,Genderqueer,Indonesia,9e57b98f-6b59-4da7-8a8c-0b2f9c27dcf8,4d899443-b3cc-43a9-ae64-4fe1059eb26c
Lennie,Trinbey,ltrinbeyns@ca.gov,Polygender,Guinea,9e6f4145-9945-4d87-b3d6-ac71b7d45a8b,4f77659d-bc7a-47a0-81e9-5b0b6ef2b444
Carline,Whenham,cwhenhamnt@ibm.com,Female,Laos,9ed652ea-5b06-4bf1-bbd3-564aa2a5c05e,996a60dd-c27b-42ff-81b8-152ee419e2af
Gwen,Slowan,gslowannu@latimes.com,Female,France,9ee377d5-22fd-4a25-b239-425b1905f274,b90b45bf-486b-4c59-8106-b669f876488a
Nonna,Jirek,njireknv@storify.com,Genderqueer,China,9fa70cff-4a76-4ec2-a203-a8c2fe6d6d93,24749081-684c-428e-8005-89669aaa00a5
Chryste,Dellenbroker,cdellenbrokernw@oakley.com,Non-binary,Tajikistan,9fc34994-669d-4c46-ba30-feb051f576c7,eecb810a-0808-4ff0-b679-1f75a8748cf7
Mahalia,Salman,msalmannx@disqus.com,Female,Zambia,9ff2460b-251f-42f5-aa73-a5946febf074,d9d34bb4-dcde-4368-8b93-1bbddfa57c7a
Hedi,Tenwick,htenwickny@ucsd.edu,Female,Norway,9ff8129e-329d-47c4-9d4d-024eb93dbdf0,7eaae509-c48c-48a8-aeb1-12da5e38c1d1
Keefer,Lehrer,klehrernz@trellian.com,Male,Brazil,a0c9d518-f6ca-4a14-b4ae-ed5bb662e7f7,6c66ac81-bd00-463d-96e9-2e95758a3011
Avigdor,Mulvaney,amulvaneyo0@issuu.com,Male,Poland,a0f5622c-c9e3-46fa-b2e5-95b79d29249b,42a00836-106b-46d2-96a0-7ac4a61b62a2
Merell,Helstrip,mhelstripo2@ucoz.com,Male,Indonesia,a144f78a-228c-4bf1-be4d-280cd4c6efec,25269fa5-b17d-4c0f-a3e9-bde65b2cc883
Marcos,Aujean,maujeano3@360.cn,Male,Philippines,a2130255-0cf7-410a-9e2a-40ad5c1f69a5,f6232518-8699-428a-8bb8-38b456f28c72
Izzy,Lehrer,ilehrero4@uol.com.br,Male,China,a2162e57-4801-43b8-b9ac-a8e5b16a55ce,cad36ebd-7dbc-4f3b-b1a3-9b4af533cd2e
Alyssa,Rothon,arothono5@nymag.com,Female,China,a220680c-7625-4557-b706-d2beff6d54d4,0b8127ff-3612-4889-868a-685a1611ab88
Huntlee,McKue,hmckueo6@acquirethisname.com,Genderfluid,Thailand,a294e9d3-b35b-4fa3-8719-7a28151afe89,5872029f-c608-4070-80f4-12b3a98ff645
Brina,Darrigoe,bdarrigoeo7@mapquest.com,Female,Indonesia,a2e4baac-da8c-4d9e-b489-0745edd3fd57,e010d115-5725-4101-814d-656a94455ed6
Humfried,Cleife,hcleifeo9@guardian.co.uk,Male,China,a313c284-4cbc-4417-bf0b-a0988f71ef1b,8afb8f7d-70cd-4d3a-8fbc-34f1557d80e2
Cletis,Hubbold,chubboldoa@gnu.org,Male,Norway,a3535b14-ea37-41b3-8028-c53527a25dd2,43329138-8604-4a2f-a6e5-219129cdb583
Teodor,Morewood,tmorewoodob@de.vu,Male,Philippines,a3ce60a2-bcd1-4ab7-9d2c-44061b11e068,7df1c585-86d2-4326-977a-21b7d01c425c
Bobbi,Imrie,bimrieod@skype.com,Female,Poland,a3da7be6-eb33-4f26-b94f-0d7a7d19e98c,692821d9-e959-401d-93b7-eee3dc221b39
Eddy,Fuxman,efuxmanof@cyberchimps.com,Male,China,a424a457-920f-412f-b566-298f92c30b4e,46916320-5671-498e-943f-f8b8a4901d68
Dix,Schrieves,dschrievesoh@ycombinator.com,Female,Syria,a495aced-0c80-4812-8b53-f57c9fa17239,45adb48f-a753-4a12-b4f2-d76b08eebcf5
Maryann,Dyos,mdyosoi@taobao.com,Female,Philippines,a52a6cbd-2885-4cbf-8e1c-b35e41fd0163,29bf0fc7-8a16-4920-959f-2e54ee3a728f
Sonny,Trunby,strunbyoj@alibaba.com,Female,China,a5500c9f-5ac7-42ad-b5f6-1cb5b02fdcef,50c5fe11-f1f2-4cf9-bed8-847a58694b8c
Dasie,Dodshun,ddodshunok@is.gd,Female,China,a560a0a2-fb6a-4696-b53d-eeb62cf0a2c8,571112f1-152d-45e0-8679-720e3ecef144
Fannie,Boorman,fboormanol@narod.ru,Female,Philippines,a5c5978c-8a60-430a-9f40-b089207310cf,f2d61bc7-1d44-43e8-a074-fafb3536b861
Noami,Eiler,neilerom@dot.gov,Genderqueer,Sweden,a630ca88-9371-4c26-a552-d723241b084f,0d47d6dc-6bbe-4ad1-8715-f81a869633b2
Lorant,Burder,lburderoo@seesaa.net,Male,Brazil,a633db93-7927-4d4d-aaea-615f6bd24f96,6ebc7a15-c1a3-4dc5-8b50-448a40c0caeb
Weylin,Edler,wedleroq@youku.com,Male,United Kingdom,a6ee6368-4d40-4150-a1b1-75f02cd08c9c,9bdefca6-c3fe-4d30-b875-e114472ea435
Jocelin,Adamiak,jadamiakot@businessweek.com,Female,Russia,a6fc2c09-6bfb-4bd6-9718-47f9c0479765,1fe2fc50-35e3-470b-ac51-be7f0b502b5f
Petronille,Vanyushin,pvanyushinov@vistaprint.com,Female,China,a72543a4-20d5-4423-bda5-3812db717d51,343df508-5626-4f41-9ffa-bfca651cf43e
Elysia,Schaumann,eschaumannow@exblog.jp,Female,Brazil,a725a45d-f0b3-42cf-83a8-7ed73b39c596,fd9c630d-c774-4e6c-a08b-a2cf1157d8b7
Irving,Lipmann,ilipmannox@wufoo.com,Male,Indonesia,a75e6bbf-796f-4709-b985-c994199b5ad5,d1f589b4-552d-454f-bd4b-c6bb367ca6dd
Ofilia,Hallsworth,ohallsworthoy@msu.edu,Polygender,China,a7c49f5d-107b-4e16-b9be-3fe26742e5b1,7af53c30-2c18-49a9-b0cc-7a5ddf7ede59
Winona,Jewiss,wjewissp2@dion.ne.jp,Female,Poland,a7cc5fb9-6a67-4ebc-ab80-aeae51e2077e,4fec283d-d30e-4cb9-b210-5e05efc451ec
Adrienne,Lafay,alafayp3@discuz.net,Non-binary,France,a7d29e97-c893-4e01-b2de-f0508daf2376,a80b5dd5-373a-4254-bd10-42a176d22d1c
Jere,Pichmann,jpichmannp4@foxnews.com,Genderqueer,Yemen,a7e57252-ecdd-479d-8c5c-3c8c0889b844,de48ffeb-850d-4a89-9a70-45a2193513b8
Bordy,Humbatch,bhumbatchp5@example.com,Male,China,a840da9e-e0e6-4440-9542-62ba6bd98da1,633c9481-419e-4032-8acd-09115ef3cbc2
Shaw,Geaveny,sgeavenyp7@wisc.edu,Male,Angola,a8852bd9-ea64-4432-b407-b519681cc300,060a806e-93a8-43c1-85a6-833a6df71375
Brian,McGaraghan,bmcgaraghanp8@simplemachines.org,Male,Japan,a8b8140e-dd93-4d28-85fe-f28bf7dab5ba,53faca81-8596-4eee-ae56-0a2ea23ea628
Gunther,Budding,gbuddingp9@mapy.cz,Male,Tunisia,a8d1410e-7af0-4425-a1bc-e4744a7c178b,32b5d9a9-8afd-41f3-9b0d-ac3fe4c87e7f
Cally,Burniston,cburnistonpb@freewebs.com,Female,Albania,a8fc4b59-87f9-45db-ad25-e0eaee280885,400209a6-2e46-4277-94cf-7d9885ee7b69
Tyson,Cotterrill,tcotterrillpc@facebook.com,Male,Colombia,a91c9d68-3199-4dae-95a8-7a9d50cff4a0,a5386ab0-ca39-4b63-a739-bc061fc77859
Mathian,Bullier,mbullierpd@umich.edu,Male,Indonesia,a95b6fe8-a927-4b0e-bff3-7737c3975b5a,c84e95de-0722-45b0-8562-6d415f00d420
Odele,Tabbernor,otabbernorpf@pcworld.com,Non-binary,Peru,a9629991-2b83-4a86-9235-ca72dc0acc36,e2dd64f3-410e-4908-aab0-476fbf0773c3
Irene,Nettleship,inettleshippg@patch.com,Female,Portugal,a9664dbb-cb96-443a-9a6c-494096fb63b9,3d82cd4e-5fae-4693-b75e-866fa61f8c7a
Shara,Cherryman,scherrymanph@merriam-webster.com,Polygender,China,a970662e-ce86-4663-8e5d-89faea8ebcf0,a900b1c6-b478-45d5-8d7e-d290a4043f37
Ebba,Dorbon,edorbonpi@economist.com,Female,Tanzania,a97d1c7e-708e-48eb-a825-36740d4567de,e025e1a3-3944-4190-8938-15031589d985
Mariana,Micheau,mmicheaupl@soup.io,Female,Russia,a9aba4b7-c758-4681-ae98-cd3009caf3ef,8c9c7d01-f969-48f3-9125-afc6632da2f1
Bili,Bohje,bbohjepo@sakura.ne.jp,Female,Brazil,a9c760f7-c358-44ed-9edd-f534d8a1c114,66b49f8b-c8a5-4af7-9d88-9287921523d2
Bennie,Elkin,belkinpp@businessinsider.com,Female,Sweden,aae57405-ea8f-4619-897b-04043acf7f68,93156dec-da40-476f-a4b3-c29a518827dc
Mycah,Lindroos,mlindroospq@omniture.com,Male,Albania,abb7f2e4-e1be-43c6-80d2-bdc662f25bb5,f804b005-4621-4364-8ffb-1180795d1a55
Dodie,Coulbeck,dcoulbeckpr@unesco.org,Female,Portugal,abcbde8d-2a7d-4801-bbab-d48a8405300f,3806728a-7ca2-4025-b4c5-605399d49b23
Larry,Booth,lboothpu@blogspot.com,Male,Serbia,ac9f5cd5-c3e1-4f00-a8b9-5d17f71b48d4,d24fa524-cc0f-43b5-8a91-fa7f97f0d71e
Pennie,Taffrey,ptaffreypv@gov.uk,Female,Indonesia,acb9d3f7-158b-45db-baf6-05cafb78f859,7f37e5fb-56e4-46b1-b6de-26f5299537e8
Benedicta,Knappen,bknappenpy@acquirethisname.com,Polygender,China,acd1150a-f508-429b-b717-d1c4d3c1bacf,050ceb2e-010a-4ac5-9e49-423d4f7ba020
Jourdan,Westover,jwestoverpz@studiopress.com,Female,New Zealand,ace4edd5-7859-4e81-b3c6-fa2d578424b9,ea64b6cb-f466-4667-b51d-457be75a85e9
Sioux,Quarterman,squartermanq2@cbslocal.com,Agender,Poland,adc3de35-1f32-47b4-a700-b6e3edf89e63,b2b49f66-335a-45aa-a146-b05ca2d85a7e
Boonie,Cashford,bcashfordq4@comsenz.com,Male,South Africa,addb6a24-b5a6-4d0e-b6a4-2da3d1f78a77,a9914f44-ba06-44e9-8990-33d0f651edf4
Fredric,Carmody,fcarmodyq6@dot.gov,Male,Nauru,ae30c1db-37a8-46a0-bced-d2f805916d5f,d86b1913-b876-4488-8c42-2278dfe394a5
Stacee,Sporner,sspornerq7@delicious.com,Male,Nigeria,ae315144-05d4-4b6b-9208-382fd5882452,048ea02d-9205-461e-89af-8f24da5f9220
Haskell,Litster,hlitsterq8@miitbeian.gov.cn,Male,Uganda,ae67d96a-51f1-4c53-a503-d69a1bf5b1b8,85d8254a-97ce-4f36-8315-d64ef4665523
Jennilee,Durston,jdurstonq9@aol.com,Polygender,Dominican Republic,ae7230b2-ec07-4887-8faa-09f5441b740f,01f379fd-982b-41c5-9620-541ad47cd613
Myca,Isaksson,misakssonqd@reuters.com,Male,Indonesia,ae85180e-a0db-4070-b60e-a2eb169ef93b,a82f9d95-b5d8-41fd-ae2d-367bd1996215
Amandie,Balfre,abalfreqe@yelp.com,Female,Philippines,aeaafda7-4b30-46f6-bf2c-dc6ed7ae6ba3,ada273b7-b91b-4822-a0c5-aa626defdc13
Barnaby,Griswaite,bgriswaiteqf@accuweather.com,Male,Indonesia,af13aaee-9529-4574-ae91-c859d98ca7c8,d2d476aa-d2b9-40ef-8a46-11d61b05370c
Valera,Conquest,vconquestqg@imageshack.us,Female,Indonesia,b00edb7c-4e3b-4d84-9e95-39b2947c8cb1,42876bc6-f434-4ee0-a32f-d4517ddcf6c4
Gilbertina,Londing,glondingqh@amazon.com,Female,Sweden,b0660bb5-190d-4fd1-9024-057ebd3b80d1,ff9431fc-43a6-472d-911d-09b36030228d
Rorke,Hatcliffe,rhatcliffeqi@phpbb.com,Male,Indonesia,b0712955-75de-4084-9f69-e049414f8c5b,c8212ff8-a73a-4d3b-9a74-27aa03a0aa3a
Faustina,Wallenger,fwallengerqk@skyrock.com,Female,China,b0d45e12-3efc-4357-ad1c-64fd5503b5de,d63a659c-bd99-41f2-b7c1-8deb69edc371
Britt,Kearn,bkearnql@virginia.edu,Male,United States,b1240957-5205-413c-adf7-0d4b21315c08,740fd9ac-f866-4bc0-8d2c-9a5818306f3b
Carlo,Bellsham,cbellshamqm@php.net,Male,Tunisia,b148ffc1-937a-43a4-86ab-af3e2cbaa659,cc70bb82-5cc9-4af3-a9f5-7236ca86a62b
Dinah,Torn,dtornqn@icio.us,Genderqueer,Indonesia,b183f498-767d-4f7b-8a10-8f4baed6898e,5beb912f-7ff7-4fe9-b18b-05b24333f712
Bary,Claricoats,bclaricoatsqr@cocolog-nifty.com,Male,Canada,b1d8a828-5be7-4d79-ab9f-3737bbc77b39,58c2536e-c23e-487f-89c5-8b9d1de6a273
Alecia,Cancott,acancottqt@skyrock.com,Female,Iran,b1e7dae6-29bc-4dc3-b2d3-fcd9e1536c9f,64403d23-33f4-4c80-b233-808bd5afd9ee
Zelda,Scutt,zscuttqu@si.edu,Female,China,b22e498f-d8b3-412c-9fe0-07957da315c7,55aae111-cf4b-442e-b343-f7faa69c8097
Falito,Bellworthy,fbellworthyqv@people.com.cn,Bigender,Portugal,b24a0632-ed3b-4180-85bf-504b0396ee40,9aff7bb3-5b6a-498c-a2d0-ab435fdbfc20
Whitney,Wines,wwinesqy@answers.com,Male,Philippines,b2adec68-d41f-43aa-adef-81d760b5a1b9,7135f3a4-d6c5-4fa2-97d3-d20859cb0a26
Early,Riding,eridingqz@sphinn.com,Male,China,b2c95511-c045-4495-8a52-c2d07346790b,a2ef4b3b-5581-40c5-b8de-712c4ca1ad2d
Portie,Tavernor,ptavernorr0@t.co,Male,Indonesia,b2ecf8a3-403e-47fc-9723-46dc26da5e7f,90549f92-7abc-4fb9-8f38-8ba5e9b584e3
Pierre,Babington,pbabingtonr2@icio.us,Genderfluid,Philippines,b2ffb2aa-64fa-4692-acb6-3d5b242dc9d8,7123e359-672b-4f22-b238-62f0ca9dc6a8
Dianne,Instock,dinstockr3@reference.com,Female,Vietnam,b315eb61-4ca0-48e9-84e9-7f5834d070fa,86fb9f63-832f-4d3f-9090-c8752fbcd295
Alyda,Beesley,abeesleyr4@rediff.com,Female,Ethiopia,b40cd03f-90a2-4d4a-a172-5714e848fc18,7dd08722-c1d5-4843-b085-cac34a856d13
Pooh,Steuhlmeyer,psteuhlmeyerr5@bloglovin.com,Female,South Africa,b428b8a8-fe47-4a7f-a6d5-b052d1000a26,920fb5f8-50a2-413e-9ca5-e71816bd25d1
Mollie,Khoter,mkhoterr7@wordpress.com,Agender,Philippines,b4c0e24a-d597-4f6b-9380-ae86000b3c11,d95224a0-5de3-48f8-ae6c-029c2f32c94d
Paulette,Davydychev,pdavydychevr8@salon.com,Female,China,b4eccd81-3422-49ab-a05f-e3733ac64ed2,985ba4e8-0dcc-482f-9cc0-5caf83465b2c
Kayne,Theurer,ktheurerr9@storify.com,Male,Indonesia,b4faa691-0d1d-4b43-8e87-cedfca8c9c61,46542848-ae93-4042-a9cf-74bb67a69e74
Georgy,McGaraghan,gmcgaraghanra@usda.gov,Polygender,Poland,b5f61ada-3c86-4a79-b354-587bcddf22e4,eee208f0-7102-4129-a320-c43744a6588a
Randell,Rowan,rrowanrb@tripod.com,Male,Sweden,b5ff3bd8-bc16-4c35-8742-e0acbf0aedd4,4d434a19-5f23-4136-bc0b-c67617f3bafa
Alix,Fordham,afordhamrc@diigo.com,Female,Indonesia,b6033b5f-83b3-4907-8121-cbbef5f7d46c,6ece3c97-1844-47e3-84b5-3484d6308a5c
Barney,Polkinghorne,bpolkinghornerd@ebay.com,Male,Brazil,b6871557-f1dd-4918-9e4f-5efdd4a2be0f,ec6fd679-9d78-4411-8128-b46b5d399844
Mallory,Vasilyevski,mvasilyevskire@nationalgeographic.com,Male,Philippines,b693e74d-5c43-4052-a8fe-c6fb50f644d2,ff338dc1-12ad-4ef7-b1f7-ccfc8a522171
Cece,Moff,cmoffrg@webmd.com,Male,China,b6d426ed-9ae0-47a9-814a-39e4e26ffe01,20fb42d5-0909-49b2-a931-5ba3954df7fb
Natale,Behneke,nbehnekerh@amazon.co.jp,Male,Philippines,b70a50d4-0a78-4c66-8fe7-22c4640fbb75,5347fc7a-00b4-41f9-956d-41ee13475be9
Wenda,Pinke,wpinkerj@gmpg.org,Polygender,Yemen,b73a27e0-4390-40d5-8766-b2017517ca06,bf456bec-7332-4fef-8834-a68ff072df6e
Bert,Ussher,bussherrl@dion.ne.jp,Male,Libya,b7bd71ea-c644-4b07-8fe3-899fc5c32f05,63e363fe-cd98-47b6-ad64-b408bbed67d3
Dee dee,felip,dfeliprm@pen.io,Female,China,b81dcf72-9642-4ebe-aa06-740054a3a935,cf9d8bb9-f009-4a7b-8988-6592275e9acb
Franky,Brion,fbrionrn@cloudflare.com,Female,Japan,b8351275-092b-43d8-bab4-5ef028d4a8d0,c4fb066c-3b93-47fb-bded-d88aa3a43017
Kylila,De Zuani,kdezuaniro@addthis.com,Female,Japan,b85dee29-676f-42b8-a937-c55693d61d8e,3e607b87-c34e-41bf-86eb-0ea5f37d8b68
Gwenore,Lehrahan,glehrahanrp@edublogs.org,Female,China,b8dccedd-7205-4839-b2c2-344e4454f1c6,824641a7-1fe6-42d3-ad6e-a661e1a9e92a
Julie,Busswell,jbusswellrr@sogou.com,Female,Peru,b8dd9112-298f-4eb2-bfee-4a78f2eeee75,0ac24f9d-2daa-42de-b429-574e72f23348
Amelia,Foster,amelia@gov.cn,Female,Canada,\N,87d57a82-140d-4eab-a680-046ad377006e
